study,year,location,state,cultivar,planting_date,app_date,growth_stage,group,active_ingred,n,sev_check,yld_check,mean_sev,mean_yld,vi_yld
1,2015,TVREC,Alabama,NA,NA,NA,R3,check,AACHECK,4,45.5,4747.85,45.5,4747.85,9808.221767282199
1,2015,TVREC,Alabama,NA,NA,NA,R3,DMI,TTRA,4,45.5,4747.85,8.25,5127.8125,9808.221767282199
1,2015,TVREC,Alabama,NA,NA,NA,R3,MBC,TMET + TEBU,4,45.5,4747.85,33,4912.6125,9808.221767282199
1,2015,TVREC,Alabama,NA,NA,NA,R3,QoI,PYRA,4,45.5,4747.85,39.25,4976.5,9808.221767282199
2,2015,NRES,Arkansas,Armor 4744,NA,NA,R3,check,AACHECK,4,13.75,2943.8687499999996,13.75,2943.8687499999996,23165.443499033932
2,2015,NRES,Arkansas,Armor 4744,NA,NA,R3,DMI,TTRA,4,13.75,2943.8687499999996,8.75,3098.54375,23165.443499033932
2,2015,NRES,Arkansas,Armor 4744,NA,NA,R3,MBC,TMET,4,13.75,2943.8687499999996,5,2809.36875,23165.443499033932
2,2015,NRES,Arkansas,Armor 4744,NA,NA,R3,MBC,TMET + TEBU,4,13.75,2943.8687499999996,5,3155.70625,23165.443499033932
2,2015,NRES,Arkansas,Armor 4744,NA,NA,R3,QoI+DMI,AZOX + DIFE,4,13.75,2943.8687499999996,5.5,3555.84375,23165.443499033932
2,2015,NRES,Arkansas,Armor 4744,NA,NA,R3,QoI+DMI+DMI,TFLX + PROT,4,13.75,2943.8687499999996,5,3607.9625,23165.443499033932
3,2015,Dixon Springs,Illinois,Armor 4744,05/23/2015,07/31/2015,R3,check,AACHECK,4,34.75,2468.075,34.75,2468.075,20925.65775037444
3,2015,Dixon Springs,Illinois,Armor 4744,05/23/2015,07/31/2015,R3,DMI,TTRA,4,34.75,2468.075,9,3226.3187500000004,20925.65775037444
3,2015,Dixon Springs,Illinois,Armor 4744,05/23/2015,07/31/2015,R3,MBC,TMET,4,34.75,2468.075,5.5,3280.11875,20925.65775037444
3,2015,Dixon Springs,Illinois,Armor 4744,05/23/2015,07/31/2015,R3,MBC+DMI,TMET + TEBU,4,34.75,2468.075,7,3423.025,20925.65775037444
3,2015,Dixon Springs,Illinois,Armor 4744,05/23/2015,07/31/2015,R3,QoI,PYRA,4,34.75,2468.075,32.75,2422.68125,20925.65775037444
3,2015,Dixon Springs,Illinois,Armor 4744,05/23/2015,07/31/2015,R3,QoI+DMI,AZOX + DIFE,4,34.75,2468.075,9,3322.15,20925.65775037444
3,2015,Dixon Springs,Illinois,Armor 4744,05/23/2015,07/31/2015,R3,QoI+DMI+DMI,TFLX + PROT,4,34.75,2468.075,11.5,3157.3875,20925.65775037444
4,2015,Carbondale,Illinois,AG 4433,5/29/2015,07/21/2015,R3,check,AACHECK,4,42.5,3307.01875,42.5,3307.01875,17147.963824573875
4,2015,Carbondale,Illinois,AG 4433,5/29/2015,07/21/2015,R3,DMI,TTRA,4,42.5,3307.01875,30,3439.8375,17147.963824573875
4,2015,Carbondale,Illinois,AG 4433,5/29/2015,07/21/2015,R3,MBC,TMET,4,42.5,3307.01875,22.5,3434.7937500000003,17147.963824573875
4,2015,Carbondale,Illinois,AG 4433,5/29/2015,07/21/2015,R3,MBC+DMI,TMET + TEBU,4,42.5,3307.01875,20,3653.35625,17147.963824573875
4,2015,Carbondale,Illinois,AG 4433,5/29/2015,07/21/2015,R3,QoI,PYRA,4,42.5,3307.01875,42.5,3661.7625,17147.963824573875
4,2015,Carbondale,Illinois,AG 4433,5/29/2015,07/21/2015,R3,QoI+DMI,AZOX + DIFE,4,42.5,3307.01875,20,3707.15625,17147.963824573875
4,2015,Carbondale,Illinois,AG 4433,5/29/2015,07/21/2015,R3,QoI+DMI+DMI,TFLX + PROT,4,42.5,3307.01875,20,3658.4,17147.963824573875
5,2015,Ames,Iowa,AG3334,05/19/2015,08/03/2015,R3,check,AACHECK,4,2.1675,3342.325,2.1675,3342.325,6162.488202888254
5,2015,Ames,Iowa,AG3334,05/19/2015,08/03/2015,R3,MBC,TMET,4,2.1675,3342.325,1.9175,3470.1,6162.488202888254
5,2015,Ames,Iowa,AG3334,05/19/2015,08/03/2015,R3,MBC,TMET + TEBU,4,2.1675,3342.325,0.41750000000000004,3332.2375,6162.488202888254
5,2015,Ames,Iowa,AG3334,05/19/2015,08/03/2015,R3,QoI,PYRA,4,2.1675,3342.325,3.3325,3488.59375,6162.488202888254
5,2015,Ames,Iowa,AG3334,05/19/2015,08/03/2015,R3,QoI+DMI,AZOX + DIFE,4,2.1675,3342.325,2.0825,3325.5125,6162.488202888254
5,2015,Ames,Iowa,AG3334,05/19/2015,08/03/2015,R3,QoI+DMI+DMI,TFLX + PROT,4,2.1675,3342.325,0.41500000000000004,3375.95,6162.488202888254
6,2015,Princeton,Kentucky,NA,NA,07/21/2015,R3,check,AACHECK,4,50,2580.71875,50,2580.71875,15116.4858342154
6,2015,Princeton,Kentucky,NA,NA,07/21/2015,R3,DMI,TTRA,4,50,2580.71875,25,3379.3125,15116.4858342154
6,2015,Princeton,Kentucky,NA,NA,07/21/2015,R3,MBC,TMET,4,50,2580.71875,20.425,3760.95625,15116.4858342154
6,2015,Princeton,Kentucky,NA,NA,07/21/2015,R3,MBC+DMI,TMET + TEBU,4,50,2580.71875,19.15,3698.75,15116.4858342154
6,2015,Princeton,Kentucky,NA,NA,07/21/2015,R3,QoI+DMI,AZOX + DIFE,4,50,2580.71875,20,3613.0062500000004,15116.4858342154
6,2015,Princeton,Kentucky,NA,NA,07/21/2015,R3,QoI+DMI+DMI,TFLX + PROT,4,50,2580.71875,20.825,3969.43125,15116.4858342154
7,2015,Baton Rouge,Louisiana,NA,NA,NA,R3,check,AACHECK,4,82.5,2690.3362500000003,82.5,2690.3362500000003,17884.096354732475
7,2015,Baton Rouge,Louisiana,NA,NA,NA,R3,DMI,TTRA,4,82.5,2690.3362500000003,22.5,3169.996875,17884.096354732475
7,2015,Baton Rouge,Louisiana,NA,NA,NA,R3,MBC,TMET,4,82.5,2690.3362500000003,30,3225.141875,17884.096354732475
7,2015,Baton Rouge,Louisiana,NA,NA,NA,R3,MBC,TMET + TEBU,4,82.5,2690.3362500000003,22.5,3090.81,17884.096354732475
7,2015,Baton Rouge,Louisiana,NA,NA,NA,R3,QoI,PYRA,4,82.5,2690.3362500000003,37.5,2851.3999999999996,17884.096354732475
7,2015,Baton Rouge,Louisiana,NA,NA,NA,R3,QoI+DMI,AZOX + DIFE,4,82.5,2690.3362500000003,26.25,2963.203125,17884.096354732475
7,2015,Baton Rouge,Louisiana,NA,NA,NA,R3,QoI+DMI+DMI,TFLX + PROT,4,82.5,2690.3362500000003,30,3225.141875,17884.096354732475
8,2015,Crowley,Louisiana,NA,NA,NA,R3,check,AACHECK,4,86.25,3293.2325,86.25,3293.2325,8181.579093130521
8,2015,Crowley,Louisiana,NA,NA,NA,R3,DMI,TTRA,4,86.25,3293.2325,18.75,4026.59375,8181.579093130521
8,2015,Crowley,Louisiana,NA,NA,NA,R3,MBC,TMET,4,86.25,3293.2325,28.75,3793.0681250000002,8181.579093130521
8,2015,Crowley,Louisiana,NA,NA,NA,R3,MBC,TMET + TEBU,4,86.25,3293.2325,10,4245.660625,8181.579093130521
8,2015,Crowley,Louisiana,NA,NA,NA,R3,QoI,PYRA,4,86.25,3293.2325,37.5,3799.456875,8181.579093130521
8,2015,Crowley,Louisiana,NA,NA,NA,R3,QoI+DMI,AZOX + DIFE,4,86.25,3293.2325,30,3515.998125,8181.579093130521
8,2015,Crowley,Louisiana,NA,NA,NA,R3,QoI+DMI+DMI,TFLX + PROT,4,86.25,3293.2325,25,3630.323125,8181.579093130521
9,2015,Turtleback,Louisiana,NA,NA,NA,R3,check,AACHECK,4,8.3,1452.6,8.3,1452.6,7773.125745344084
9,2015,Turtleback,Louisiana,NA,NA,NA,R3,DMI,TTRA,4,8.3,1452.6,2.1,1652.66875,7773.125745344084
9,2015,Turtleback,Louisiana,NA,NA,NA,R3,MBC,TMET,4,8.3,1452.6,1.75,1519.85,7773.125745344084
9,2015,Turtleback,Louisiana,NA,NA,NA,R3,MBC+DMI,TMET + TEBU,4,8.3,1452.6,2.5,1491.26875,7773.125745344084
9,2015,Turtleback,Louisiana,NA,NA,NA,R3,QoI,PYRA,4,8.3,1452.6,5.5,1348.3625,7773.125745344084
9,2015,Turtleback,Louisiana,NA,NA,NA,R3,QoI+DMI,AZOX + DIFE,4,8.3,1452.6,2.4,1523.2125,7773.125745344084
9,2015,Turtleback,Louisiana,NA,NA,NA,R3,QoI+DMI+DMI,TFLX + PROT,4,8.3,1452.6,1.8499999999999999,1543.3875,7773.125745344084
10,2015,NA,Mississippi,DynaGro 37RY47,6/6/2015,07/29/2015,R3,check,AACHECK,4,52.5,3244.8125,52.5,3244.8125,16926.061326152158
10,2015,NA,Mississippi,DynaGro 37RY47,6/6/2015,07/29/2015,R3,DMI,TTRA,4,52.5,3244.8125,50,3295.25,16926.061326152158
10,2015,NA,Mississippi,DynaGro 37RY47,6/6/2015,07/29/2015,R3,MBC,TMET,4,52.5,3244.8125,60,3143.9375,16926.061326152158
10,2015,NA,Mississippi,DynaGro 37RY47,6/6/2015,07/29/2015,R3,MBC,TMET + TEBU,4,52.5,3244.8125,50,3278.4375,16926.061326152158
10,2015,NA,Mississippi,DynaGro 37RY47,6/6/2015,07/29/2015,R3,QoI,PYRA,4,52.5,3244.8125,50,3345.6875,16926.061326152158
10,2015,NA,Mississippi,DynaGro 37RY47,6/6/2015,07/29/2015,R3,QoI+DMI,AZOX + DIFE,4,52.5,3244.8125,52.5,3362.5,16926.061326152158
10,2015,NA,Mississippi,DynaGro 37RY47,6/6/2015,07/29/2015,R3,QoI+DMI+DMI,TFLX + PROT,4,52.5,3244.8125,55,3244.8125,16926.061326152158
11,2015,Cotton Grove,Tennessee,Armor 4744,06/07/2015,08/11/2015,R3,check,AACHECK,4,7.75,4038.3625,7.75,4038.3625,22945.380732323243
11,2015,Cotton Grove,Tennessee,Armor 4744,06/07/2015,08/11/2015,R3,DMI,TTRA,4,7.75,4038.3625,1.75,4369.56875,22945.380732323243
11,2015,Cotton Grove,Tennessee,Armor 4744,06/07/2015,08/11/2015,R3,MBC,TMET,4,7.75,4038.3625,5.5,4063.58125,22945.380732323243
11,2015,Cotton Grove,Tennessee,Armor 4744,06/07/2015,08/11/2015,R3,MBC,TMET + TEBU,4,7.75,4038.3625,2,4238.4312500000005,22945.380732323243
11,2015,Cotton Grove,Tennessee,Armor 4744,06/07/2015,08/11/2015,R3,QoI,PYRA,4,7.75,4038.3625,8.5,4418.325,22945.380732323243
11,2015,Cotton Grove,Tennessee,Armor 4744,06/07/2015,08/11/2015,R3,QoI+DMI,AZOX + DIFE,4,7.75,4038.3625,2.25,4472.125,22945.380732323243
11,2015,Cotton Grove,Tennessee,Armor 4744,06/07/2015,08/11/2015,R3,QoI+DMI+DMI,TFLX + PROT,4,7.75,4038.3625,2.75,3991.2875,22945.380732323243
12,2015,Milan,Tennessee,NA,6/5/2015,8/7/2015,R3,check,AACHECK,4,44.25,2573.99375,44.25,2573.99375,21873.613364109853
12,2015,Milan,Tennessee,NA,6/5/2015,8/7/2015,R3,DMI,TTRA,4,44.25,2573.99375,12,3276.75625,21873.613364109853
12,2015,Milan,Tennessee,NA,6/5/2015,8/7/2015,R3,MBC,TMET,4,44.25,2573.99375,14.25,3301.975,21873.613364109853
12,2015,Milan,Tennessee,NA,6/5/2015,8/7/2015,R3,MBC,TMET + TEBU,4,44.25,2573.99375,16.075,3115.35625,21873.613364109853
12,2015,Milan,Tennessee,NA,6/5/2015,8/7/2015,R3,QoI,PYRA,4,44.25,2573.99375,36.5,2688.31875,21873.613364109853
12,2015,Milan,Tennessee,NA,6/5/2015,8/7/2015,R3,QoI+DMI,AZOX + DIFE,4,44.25,2573.99375,8.325,3557.525,21873.613364109853
12,2015,Milan,Tennessee,NA,6/5/2015,8/7/2015,R3,QoI+DMI+DMI,TFLX + PROT,4,44.25,2573.99375,11.175,3362.5,21873.613364109853
13,2016,TVREC,Alabama,Asgrow 5233 RR,06/20/2016,08/19/2016,R3,check,AACHECK,5,11.86,1464.705,11.86,1464.705,3969.97114522727
13,2016,TVREC,Alabama,Asgrow 5233 RR,06/20/2016,08/19/2016,R3,DMI,TTRA,5,11.86,1464.705,3.36,1612.655,3969.97114522727
13,2016,TVREC,Alabama,Asgrow 5233 RR,06/20/2016,08/19/2016,R3,DMI+QoI+SDHI,PYRA + FLUX + PROP,5,11.86,1464.705,5.26,1487.5700000000002,3969.97114522727
13,2016,TVREC,Alabama,Asgrow 5233 RR,06/20/2016,08/19/2016,R3,MBC,TMET + TEBU,5,11.86,1464.705,4.08,1506.4,3969.97114522727
13,2016,TVREC,Alabama,Asgrow 5233 RR,06/20/2016,08/19/2016,R3,QoI,PYRA,5,11.86,1464.705,6.288,1530.6100000000001,3969.97114522727
13,2016,TVREC,Alabama,Asgrow 5233 RR,06/20/2016,08/19/2016,R3,QoI+DMI,AZOX + DIFE,5,11.86,1464.705,4.5,1554.82,3969.97114522727
13,2016,TVREC,Alabama,Asgrow 5233 RR,06/20/2016,08/19/2016,R3,QoI+DMI+DMI,TFLX + PROT,5,11.86,1464.705,2.84,1639.555,3969.97114522727
14,2016,NRES,Arkansas,NA,NA,NA,R3,check,AACHECK,4,11.75,3048.10625,11.75,3048.10625,16703.445039457078
14,2016,NRES,Arkansas,NA,NA,NA,R3,DMI,TTRA,4,11.75,3048.10625,8,3581.0625,16703.445039457078
14,2016,NRES,Arkansas,NA,NA,NA,R3,DMI+QoI+SDHI,PYRA + FLUX + PROP,4,11.75,3048.10625,8.5,3698.75,16703.445039457078
14,2016,NRES,Arkansas,NA,NA,NA,R3,MBC,TMET,4,11.75,3048.10625,6.75,3419.6625,16703.445039457078
14,2016,NRES,Arkansas,NA,NA,NA,R3,MBC,TMET + TEBU,4,11.75,3048.10625,7.25,3461.69375,16703.445039457078
14,2016,NRES,Arkansas,NA,NA,NA,R3,QoI,PYRA,4,11.75,3048.10625,12,3068.28125,16703.445039457078
14,2016,NRES,Arkansas,NA,NA,NA,R3,QoI+DMI,AZOX + DIFE,4,11.75,3048.10625,7.5,3454.96875,16703.445039457078
14,2016,NRES,Arkansas,NA,NA,NA,R3,QoI+DMI+DMI,TFLX + PROT,4,11.75,3048.10625,8.5,3320.46875,16703.445039457078
15,2016,Shawneetown,Illinois,S39-U2,6/13/2016,7/27/2016,R3,check,AACHECK,6,75,2574.554166666667,75,2574.554166666667,6819.969050373526
15,2016,Shawneetown,Illinois,S39-U2,6/13/2016,7/27/2016,R3,DMI,TTRA,6,75,2574.554166666667,63.333333333333336,2992.625,6819.969050373526
15,2016,Shawneetown,Illinois,S39-U2,6/13/2016,7/27/2016,R3,DMI+QoI+SDHI,PYRA + FLUX + PROP,6,75,2574.554166666667,70,2892.8708333333334,6819.969050373526
15,2016,Shawneetown,Illinois,S39-U2,6/13/2016,7/27/2016,R3,MBC,TMET,6,75,2574.554166666667,65,2911.925,6819.969050373526
15,2016,Shawneetown,Illinois,S39-U2,6/13/2016,7/27/2016,R3,MBC+DMI,TMET + TEBU,6,75,2574.554166666667,61.666666666666664,3035.2166666666667,6819.969050373526
15,2016,Shawneetown,Illinois,S39-U2,6/13/2016,7/27/2016,R3,QoI,PYRA,6,75,2574.554166666667,73.33333333333333,2694.483333333333,6819.969050373526
15,2016,Shawneetown,Illinois,S39-U2,6/13/2016,7/27/2016,R3,QoI+DMI,AZOX + DIFE,6,75,2574.554166666667,71.66666666666667,3097.9833333333336,6819.969050373526
15,2016,Shawneetown,Illinois,S39-U2,6/13/2016,7/27/2016,R3,QoI+DMI+DMI,TFLX + PROT,6,75,2574.554166666667,66.66666666666667,3111.4333333333334,6819.969050373526
16,2016,Ames,Iowa,2616R2Y,05/22/16,7/26/2016,R3,check,AACHECK,4,34.575,4260.2875,34.575,4260.2875,17734.619268564562
16,2016,Ames,Iowa,2616R2Y,05/22/16,7/26/2016,R3,DMI,TTRA,4,34.575,4260.2875,5.4,4751.2125,17734.619268564562
16,2016,Ames,Iowa,2616R2Y,05/22/16,7/26/2016,R3,DMI+QoI+SDHI,PYRA + FLUX + PROP,4,34.575,4260.2875,4.65,4924.38125,17734.619268564562
16,2016,Ames,Iowa,2616R2Y,05/22/16,7/26/2016,R3,MBC,TMET,4,34.575,4260.2875,7.325,4821.825,17734.619268564562
16,2016,Ames,Iowa,2616R2Y,05/22/16,7/26/2016,R3,MBC,TMET + TEBU,4,34.575,4260.2875,7.5,4670.5125,17734.619268564562
16,2016,Ames,Iowa,2616R2Y,05/22/16,7/26/2016,R3,QoI,PYRA,4,34.575,4260.2875,3.675,4855.450000000001,17734.619268564562
16,2016,Ames,Iowa,2616R2Y,05/22/16,7/26/2016,R3,QoI+DMI,AZOX + DIFE,4,34.575,4260.2875,4.675,4631.84375,17734.619268564562
16,2016,Ames,Iowa,2616R2Y,05/22/16,7/26/2016,R3,QoI+DMI+DMI,TFLX + PROT,4,34.575,4260.2875,7.9,4487.25625,17734.619268564562
17,2016,Princeton,Kentucky,NA,NA,7/26/2016,R3,check,AACHECK,4,39.6,3579.38125,39.6,3579.38125,29045.18511972757
17,2016,Princeton,Kentucky,NA,NA,7/26/2016,R3,DMI,TTRA,4,39.6,3579.38125,20,3967.75,29045.18511972757
17,2016,Princeton,Kentucky,NA,NA,7/26/2016,R3,DMI+QoI+SDHI,PYRA + FLUX + PROP,4,39.6,3579.38125,25.4,4233.3875,29045.18511972757
17,2016,Princeton,Kentucky,NA,NA,7/26/2016,R3,MBC,TMET,4,39.6,3579.38125,17.925,4420.00625,29045.18511972757
17,2016,Princeton,Kentucky,NA,NA,7/26/2016,R3,MBC+DMI,TMET + TEBU,4,39.6,3579.38125,17.475,4055.1749999999997,29045.18511972757
17,2016,Princeton,Kentucky,NA,NA,7/26/2016,R3,QoI,PYRA,4,39.6,3579.38125,37.474999999999994,3584.425,29045.18511972757
17,2016,Princeton,Kentucky,NA,NA,7/26/2016,R3,QoI+DMI,AZOX + DIFE,4,39.6,3579.38125,17.05,4436.81875,29045.18511972757
18,2016,Alexandria,Louisiana,NA,NA,NA,R3,check,AACHECK,4,4.3500000000000005,3258.2625,4.3500000000000005,3258.2625,7113.563967112517
18,2016,Alexandria,Louisiana,NA,NA,NA,R3,DMI,TTRA,4,4.3500000000000005,3258.2625,1.875,3476.825,7113.563967112517
18,2016,Alexandria,Louisiana,NA,NA,NA,R3,MBC,TMET,4,4.3500000000000005,3258.2625,2.1,3586.10625,7113.563967112517
18,2016,Alexandria,Louisiana,NA,NA,NA,R3,MBC,TMET + TEBU,4,4.3500000000000005,3258.2625,2.4,3508.76875,7113.563967112517
18,2016,Alexandria,Louisiana,NA,NA,NA,R3,QoI,PYRA,4,4.3500000000000005,3258.2625,4.5,3344.00625,7113.563967112517
18,2016,Alexandria,Louisiana,NA,NA,NA,R3,QoI+DMI,AZOX + DIFE,4,4.3500000000000005,3258.2625,2.05,3671.85,7113.563967112517
18,2016,Alexandria,Louisiana,NA,NA,NA,R3,QoI+DMI+DMI,TFLX + PROT,4,4.3500000000000005,3258.2625,2.7,3673.53125,7113.563967112517
19,2016,Winnsboro,Louisiana,NA,NA,NA,R3,check,AACHECK,4,6.65,2918.6499999999996,6.65,2918.6499999999996,24485.514551866327
19,2016,Winnsboro,Louisiana,NA,NA,NA,R3,DMI,TTRA,4,6.65,2918.6499999999996,2.675,3389.3999999999996,24485.514551866327
19,2016,Winnsboro,Louisiana,NA,NA,NA,R3,MBC,TMET,4,6.65,2918.6499999999996,3.8,3453.2875000000004,24485.514551866327
19,2016,Winnsboro,Louisiana,NA,NA,NA,R3,MBC,TMET + TEBU,4,6.65,2918.6499999999996,3.55,3150.6625000000004,24485.514551866327
19,2016,Winnsboro,Louisiana,NA,NA,NA,R3,QoI,PYRA,4,6.65,2918.6499999999996,8.5,3123.7625,24485.514551866327
19,2016,Winnsboro,Louisiana,NA,NA,NA,R3,QoI+DMI,AZOX + DIFE,4,6.65,2918.6499999999996,1.6,3579.38125,24485.514551866327
19,2016,Winnsboro,Louisiana,NA,NA,NA,R3,QoI+DMI+DMI,TFLX + PROT,4,6.65,2918.6499999999996,2.7249999999999996,3175.8812500000004,24485.514551866327
20,2016,NA,Mississippi,NA,NA,NA,R3,check,AACHECK,4,60,4090.48125,60,4090.48125,89616.09034484868
20,2016,NA,Mississippi,NA,NA,NA,R3,DMI,TTRA,4,60,4090.48125,37.5,4423.36875,89616.09034484868
20,2016,NA,Mississippi,NA,NA,NA,R3,DMI+QoI+SDHI,PYRA + FLUX + PROP,4,60,4090.48125,50,4287.1875,89616.09034484868
20,2016,NA,Mississippi,NA,NA,NA,R3,MBC,TMET,4,60,4090.48125,47.5,4176.225,89616.09034484868
20,2016,NA,Mississippi,NA,NA,NA,R3,MBC+DMI,TMET + TEBU,4,60,4090.48125,55,4282.984375,89616.09034484868
20,2016,NA,Mississippi,NA,NA,NA,R3,QoI,PYRA,4,60,4090.48125,67.5,4132.5125,89616.09034484868
20,2016,NA,Mississippi,NA,NA,NA,R3,QoI+DMI,AZOX + DIFE,8,60,4090.48125,45,4224.140625,44808.04517242434
21,2016,Cotton Grove,Tennessee,NA,NA,NA,R3,check,AACHECK,4,14.25,3093.5,14.25,3093.5,6813.1697412109315
21,2016,Cotton Grove,Tennessee,NA,NA,NA,R3,DMI,TTRA,4,14.25,3093.5,14,3238.0875,6813.1697412109315
21,2016,Cotton Grove,Tennessee,NA,NA,NA,R3,DMI+QoI+SDHI,PYRA + FLUX + PROP,4,14.25,3093.5,10.5,3565.93125,6813.1697412109315
21,2016,Cotton Grove,Tennessee,NA,NA,NA,R3,MBC,TMET,4,14.25,3093.5,9.5,3619.73125,6813.1697412109315
21,2016,Cotton Grove,Tennessee,NA,NA,NA,R3,MBC+DMI,TMET + TEBU,4,14.25,3093.5,10.5,3604.6,6813.1697412109315
21,2016,Cotton Grove,Tennessee,NA,NA,NA,R3,QoI,PYRA,4,14.25,3093.5,12.25,3364.18125,6813.1697412109315
21,2016,Cotton Grove,Tennessee,NA,NA,NA,R3,QoI+DMI,AZOX + DIFE,8,14.25,3093.5,8.625,3627.296875,3406.5848706054658
21,2016,Cotton Grove,Tennessee,NA,NA,NA,R3,QoI+DMI+DMI,TFLX + PROT,4,14.25,3093.5,7.25,3565.93125,6813.1697412109315
22,2016,Milan,Tennessee,NA,NA,NA,R3,check,AACHECK,4,8,2279.775,8,2279.775,23497.926678679094
22,2016,Milan,Tennessee,NA,NA,NA,R3,DMI,TTRA,4,8,2279.775,4.625,2022.54375,23497.926678679094
22,2016,Milan,Tennessee,NA,NA,NA,R3,DMI+QoI+SDHI,PYRA + FLUX + PROP,4,8,2279.775,4.75,2116.69375,23497.926678679094
22,2016,Milan,Tennessee,NA,NA,NA,R3,MBC,TMET,4,8,2279.775,2.75,2118.375,23497.926678679094
22,2016,Milan,Tennessee,NA,NA,NA,R3,MBC+DMI,TMET + TEBU,4,8,2279.775,2.25,2382.33125,23497.926678679094
22,2016,Milan,Tennessee,NA,NA,NA,R3,QoI,PYRA,4,8,2279.775,6.5,2116.69375,23497.926678679094
22,2016,Milan,Tennessee,NA,NA,NA,R3,QoI+DMI,AZOX + DIFE,8,8,2279.775,4.0625,2162.928125,11748.963339339547
22,2016,Milan,Tennessee,NA,NA,NA,R3,QoI+DMI+DMI,TFLX + PROT,4,8,2279.775,4.375,2062.89375,23497.926678679094
23,2017,NRES,Arkansas,Armor 4744,NA,NA,R3,check,AACHECK,4,3.2,3698.75,3.2,3698.75,13017.977083322503
23,2017,NRES,Arkansas,Armor 4744,NA,NA,R3,DMI,TTRA,4,3.2,3698.75,1.5,3967.75,13017.977083322503
23,2017,NRES,Arkansas,Armor 4744,NA,NA,R3,DMI+QoI+SDHI,PYRA + FLUX + PROP,4,3.2,3698.75,1.2,3833.25,13017.977083322503
23,2017,NRES,Arkansas,Armor 4744,NA,NA,R3,MBC,TMET,4,3.2,3698.75,1,4102.25,13017.977083322503
23,2017,NRES,Arkansas,Armor 4744,NA,NA,R3,MBC+DMI,TMET + TEBU,4,3.2,3698.75,1,3813.0750000000003,13017.977083322503
23,2017,NRES,Arkansas,Armor 4744,NA,NA,R3,QoI,PYRA,4,3.2,3698.75,2.7,3833.25,13017.977083322503
23,2017,NRES,Arkansas,Armor 4744,NA,NA,R3,QoI+DMI,AZOX + DIFE,4,3.2,3698.75,1,3698.75,13017.977083322503
24,2017,Princeton,Kentucky,NA,NA,7/22/2017,R3,check,AACHECK,4,45,1667.8,45,1667.8,11974.518159847867
24,2017,Princeton,Kentucky,NA,NA,7/22/2017,R3,DMI,TTRA,4,45,1667.8,26.25,2225.975,11974.518159847867
24,2017,Princeton,Kentucky,NA,NA,7/22/2017,R3,DMI+QoI+SDHI,PYRA + FLUX + PROP,4,45,1667.8,25.8,2170.49375,11974.518159847867
24,2017,Princeton,Kentucky,NA,NA,7/22/2017,R3,MBC,TMET,4,45,1667.8,19.6,2706.8125,11974.518159847867
24,2017,Princeton,Kentucky,NA,NA,7/22/2017,R3,MBC+DMI,TMET + TEBU,4,45,1667.8,16.65,2679.9125,11974.518159847867
24,2017,Princeton,Kentucky,NA,NA,7/22/2017,R3,QoI,PYRA,4,45,1667.8,45.85,1750.1812499999999,11974.518159847867
24,2017,Princeton,Kentucky,NA,NA,7/22/2017,R3,QoI+DMI,AZOX + DIFE,4,45,1667.8,18.75,2296.5875,11974.518159847867
24,2017,Princeton,Kentucky,NA,NA,7/22/2017,R3,QoI+DMI+DMI,TFLX + PROT,4,45,1667.8,22.475,2229.3375,11974.518159847867
25,2017,Quicksand,Kentucky,Armor 4744,NA,8/9/2017,R3,check,AACHECK,4,43.325,2548.775,43.325,2548.775,35643.862254934225
25,2017,Quicksand,Kentucky,Armor 4744,NA,8/9/2017,R3,DMI,TTRA,4,43.325,2548.775,24.575,2568.95,35643.862254934225
25,2017,Quicksand,Kentucky,Armor 4744,NA,8/9/2017,R3,DMI+QoI+SDHI,PYRA + FLUX + PROP,4,43.325,2548.775,25.4,2757.25,35643.862254934225
25,2017,Quicksand,Kentucky,Armor 4744,NA,8/9/2017,R3,MBC,TMET,4,43.325,2548.775,16.25,2876.6187499999996,35643.862254934225
25,2017,Quicksand,Kentucky,Armor 4744,NA,8/9/2017,R3,MBC+DMI,TMET + TEBU,4,43.325,2548.775,16.25,2774.0625,35643.862254934225
25,2017,Quicksand,Kentucky,Armor 4744,NA,8/9/2017,R3,QoI,PYRA,4,43.325,2548.775,45.825,2353.75,35643.862254934225
25,2017,Quicksand,Kentucky,Armor 4744,NA,8/9/2017,R3,QoI+DMI,AZOX + DIFE,4,43.325,2548.775,17.5,2959,35643.862254934225
25,2017,Quicksand,Kentucky,Armor 4744,NA,8/9/2017,R3,QoI+DMI+DMI,TFLX + PROT,4,43.325,2548.775,17.5,2555.5,35643.862254934225
26,2017,Turtleback,Louisiana,AG 5831,6/13/2017,8/7/2017,R3,check,AACHECK,4,3.275,2758.93125,3.275,2758.93125,22788.538074061376
26,2017,Turtleback,Louisiana,AG 5831,6/13/2017,8/7/2017,R3,DMI,TTRA,4,3.275,2758.93125,2.5,2982.5375,22788.538074061376
26,2017,Turtleback,Louisiana,AG 5831,6/13/2017,8/7/2017,R3,DMI+QoI+SDHI,PYRA + FLUX + PROP,4,3.275,2758.93125,2.5,2967.40625,22788.538074061376
26,2017,Turtleback,Louisiana,AG 5831,6/13/2017,8/7/2017,R3,MBC,TMET,4,3.275,2758.93125,1.75,2935.4625,22788.538074061376
26,2017,Turtleback,Louisiana,AG 5831,6/13/2017,8/7/2017,R3,MBC+DMI,TMET + TEBU,4,3.275,2758.93125,1.75,3224.6375,22788.538074061376
26,2017,Turtleback,Louisiana,AG 5831,6/13/2017,8/7/2017,R3,QoI,PYRA,4,3.275,2758.93125,1.75,2984.21875,22788.538074061376
26,2017,Turtleback,Louisiana,AG 5831,6/13/2017,8/7/2017,R3,QoI+DMI,AZOX + DIFE,4,3.275,2758.93125,2,2760.6124999999997,22788.538074061376
26,2017,Turtleback,Louisiana,AG 5831,6/13/2017,8/7/2017,R3,QoI+DMI+DMI,TFLX + PROT,4,3.275,2758.93125,1.75,3209.50625,22788.538074061376
27,2018,NRES,Arkansas,NA,NA,NA,R3,check,AACHECK,4,6,2824.5,6,2824.5,19167.998704048456
27,2018,NRES,Arkansas,NA,NA,NA,R3,DMI,TTRA,4,6,2824.5,5,2925.375,19167.998704048456
27,2018,NRES,Arkansas,NA,NA,NA,R3,DMI+QoI+SDHI,PYRA + FLUX + PROP,4,6,2824.5,6,2959,19167.998704048456
27,2018,NRES,Arkansas,NA,NA,NA,R3,DMI+SDHI,DIFE + PYDI,4,6,2824.5,4,3412.9375,19167.998704048456
27,2018,NRES,Arkansas,NA,NA,NA,R3,MBC,TMET,4,6,2824.5,5.3,3046.4249999999997,19167.998704048456
27,2018,NRES,Arkansas,NA,NA,NA,R3,MBC+DMI,TMET + TEBU,4,6,2824.5,4.8,3073.3250000000003,19167.998704048456
27,2018,NRES,Arkansas,NA,NA,NA,R3,QoI,PYRA,4,6,2824.5,7.8,2690,19167.998704048456
27,2018,NRES,Arkansas,NA,NA,NA,R3,QoI+DMI,AZOX + DIFE,4,6,2824.5,5.3,3362.5,19167.998704048456
28,2018,Ames,Iowa,AG2733,05/17/2018,7/24/2018,R3,check,AACHECK,4,4.725,3616.36875,4.725,3616.36875,162309.84077472193
28,2018,Ames,Iowa,AG2733,05/17/2018,7/24/2018,R3,DMI,TTRA,4,4.725,3616.36875,0.925,3349.05,162309.84077472193
28,2018,Ames,Iowa,AG2733,05/17/2018,7/24/2018,R3,DMI+QoI+SDHI,PYRA + FLUX + PROP,4,4.725,3616.36875,2.5,3569.29375,162309.84077472193
28,2018,Ames,Iowa,AG2733,05/17/2018,7/24/2018,R3,DMI+SDHI,DIFE + PYDI,4,4.725,3616.36875,1.0875,4104.771875,162309.84077472193
28,2018,Ames,Iowa,AG2733,05/17/2018,7/24/2018,R3,MBC,TMET,4,4.725,3616.36875,1.5,3621.4125,162309.84077472193
28,2018,Ames,Iowa,AG2733,05/17/2018,7/24/2018,R3,MBC+DMI,TMET + TEBU,4,4.725,3616.36875,2.075,3545.75625,162309.84077472193
28,2018,Ames,Iowa,AG2733,05/17/2018,7/24/2018,R3,QoI,PYRA,4,4.725,3616.36875,3.875,3740.78125,162309.84077472193
28,2018,Ames,Iowa,AG2733,05/17/2018,7/24/2018,R3,QoI+DMI,AZOX + DIFE,4,4.725,3616.36875,0.8500000000000001,4100.5687499999995,162309.84077472193
29,2018,Princeton,Kentucky,Armor 4744,06/06/2018,08/02/2018,R3,check,AACHECK,4,50,1837.60625,50,1837.60625,80640.78794873958
29,2018,Princeton,Kentucky,Armor 4744,06/06/2018,08/02/2018,R3,DMI,TTRA,4,50,1837.60625,33.775,2417.6375,80640.78794873958
29,2018,Princeton,Kentucky,Armor 4744,06/06/2018,08/02/2018,R3,DMI+QoI+SDHI,PYRA + FLUX + PROP,4,50,1837.60625,32.525,2837.95,80640.78794873958
29,2018,Princeton,Kentucky,Armor 4744,06/06/2018,08/02/2018,R3,DMI+SDHI,DIFE + PYDI,4,50,1837.60625,20.012500000000003,2826.1812499999996,80640.78794873958
29,2018,Princeton,Kentucky,Armor 4744,06/06/2018,08/02/2018,R3,MBC,TMET,4,50,1837.60625,27.1,3769.3625,80640.78794873958
29,2018,Princeton,Kentucky,Armor 4744,06/06/2018,08/02/2018,R3,MBC+DMI,TMET + TEBU,4,50,1837.60625,23.75,3565.93125,80640.78794873958
29,2018,Princeton,Kentucky,Armor 4744,06/06/2018,08/02/2018,R3,QoI,PYRA,4,50,1837.60625,50,2096.51875,80640.78794873958
30,2018,Quicksand,Kentucky,Armor 4744,NA,07/08/2018,R3,check,AACHECK,4,34.575,1731.6875,34.575,1731.6875,29257.50230611496
30,2018,Quicksand,Kentucky,Armor 4744,NA,07/08/2018,R3,DMI,TTRA,4,34.575,1731.6875,21.65,2076.34375,29257.50230611496
30,2018,Quicksand,Kentucky,Armor 4744,NA,07/08/2018,R3,DMI+QoI+SDHI,PYRA + FLUX + PROP,4,34.575,1731.6875,22.5,2341.9812500000003,29257.50230611496
30,2018,Quicksand,Kentucky,Armor 4744,NA,07/08/2018,R3,DMI+SDHI,DIFE + PYDI,4,34.575,1731.6875,14.15,2147.796875,29257.50230611496
30,2018,Quicksand,Kentucky,Armor 4744,NA,07/08/2018,R3,MBC,TMET,4,34.575,1731.6875,17.075,1977.15,29257.50230611496
30,2018,Quicksand,Kentucky,Armor 4744,NA,07/08/2018,R3,MBC+DMI,TMET + TEBU,4,34.575,1731.6875,15.85,2121.7375,29257.50230611496
30,2018,Quicksand,Kentucky,Armor 4744,NA,07/08/2018,R3,QoI,PYRA,4,34.575,1731.6875,34.6,1619.04375,29257.50230611496
30,2018,Quicksand,Kentucky,Armor 4744,NA,07/08/2018,R3,QoI+DMI,AZOX + DIFE,4,34.575,1731.6875,16.65,1906.5375000000001,29257.50230611496
31,2018,DLSB1804,Louisiana,AG 4934,6/7/2018,8/9/2018,R3,check,AACHECK,4,4.15,3212.86875,4.15,3212.86875,33536.3524959664
31,2018,DLSB1804,Louisiana,AG 4934,6/7/2018,8/9/2018,R3,DMI,TTRA,4,4.15,3212.86875,2.6,3634.8625,33536.3524959664
31,2018,DLSB1804,Louisiana,AG 4934,6/7/2018,8/9/2018,R3,DMI+QoI+SDHI,PYRA + FLUX + PROP,4,4.15,3212.86875,4.325,3586.10625,33536.3524959664
31,2018,DLSB1804,Louisiana,AG 4934,6/7/2018,8/9/2018,R3,DMI+SDHI,DIFE + PYDI,4,4.15,3212.86875,3.575,3528.103125,33536.3524959664
31,2018,DLSB1804,Louisiana,AG 4934,6/7/2018,8/9/2018,R3,MBC,TMET,4,4.15,3212.86875,2.9875,3539.03125,33536.3524959664
31,2018,DLSB1804,Louisiana,AG 4934,6/7/2018,8/9/2018,R3,MBC+DMI,TMET + TEBU,4,4.15,3212.86875,3.15,3539.03125,33536.3524959664
31,2018,DLSB1804,Louisiana,AG 4934,6/7/2018,8/9/2018,R3,QoI,PYRA,4,4.15,3212.86875,3.975,3567.6125,33536.3524959664
31,2018,DLSB1804,Louisiana,AG 4934,6/7/2018,8/9/2018,R3,QoI+DMI,AZOX + DIFE,4,4.15,3212.86875,3.4450000000000003,3841.65625,33536.3524959664
32,2019,DLSB1902,Louisiana,AsGrow 4934,5/28/2019,7/26/2019,R3,check,AACHECK,4,63.75,3981.2,63.75,3981.2,18063.804507415225
32,2019,DLSB1902,Louisiana,AsGrow 4934,5/28/2019,7/26/2019,R3,DMI,TTRA,4,63.75,3981.2,51.25,4058.5375,18063.804507415225
32,2019,DLSB1902,Louisiana,AsGrow 4934,5/28/2019,7/26/2019,R3,DMI+QoI+SDHI,PYRA + FLUX + PROP,4,63.75,3981.2,43.75,4181.26875,18063.804507415225
32,2019,DLSB1902,Louisiana,AsGrow 4934,5/28/2019,7/26/2019,R3,DMI+SDHI,DIFE + PYDI,4,63.75,3981.2,36.25,4145.121875000001,18063.804507415225
32,2019,DLSB1902,Louisiana,AsGrow 4934,5/28/2019,7/26/2019,R3,MBC,TMET,4,63.75,3981.2,48.75,3898.81875,18063.804507415225
32,2019,DLSB1902,Louisiana,AsGrow 4934,5/28/2019,7/26/2019,R3,MBC+DMI,TMET + TEBU,4,63.75,3981.2,50,4122.425,18063.804507415225
32,2019,DLSB1902,Louisiana,AsGrow 4934,5/28/2019,7/26/2019,R3,QoI,PYRA,4,63.75,3981.2,62.5,4065.2625000000003,18063.804507415225
32,2019,DLSB1902,Louisiana,AsGrow 4934,5/28/2019,7/26/2019,R3,QoI+DMI,AZOX + DIFE,4,63.75,3981.2,43.75,4174.54375,18063.804507415225
33,2019,NESB1902,Louisiana,AsGrow 4934,5/29/2019,7/24/2019,R3,check,AACHECK,4,28.75,2629.475,28.75,2629.475,89098.03366535356
33,2019,NESB1902,Louisiana,AsGrow 4934,5/29/2019,7/24/2019,R3,DMI,TTRA,4,28.75,2629.475,12.5,2521.875,89098.03366535356
33,2019,NESB1902,Louisiana,AsGrow 4934,5/29/2019,7/24/2019,R3,DMI+QoI+SDHI,PYRA + FLUX + PROP,4,28.75,2629.475,12.5,2955.6375,89098.03366535356
33,2019,NESB1902,Louisiana,AsGrow 4934,5/29/2019,7/24/2019,R3,DMI+SDHI,DIFE + PYDI,4,28.75,2629.475,7.5,3085.09375,89098.03366535356
33,2019,NESB1902,Louisiana,AsGrow 4934,5/29/2019,7/24/2019,R3,MBC,TMET,4,28.75,2629.475,17.5,3301.975,89098.03366535356
33,2019,NESB1902,Louisiana,AsGrow 4934,5/29/2019,7/24/2019,R3,MBC+DMI,TMET + TEBU,4,28.75,2629.475,9.475,2241.10625,89098.03366535356
33,2019,NESB1902,Louisiana,AsGrow 4934,5/29/2019,7/24/2019,R3,QoI,PYRA,4,28.75,2629.475,27.5,2550.45625,89098.03366535356
33,2019,NESB1902,Louisiana,AsGrow 4934,5/29/2019,7/24/2019,R3,QoI+DMI,AZOX + DIFE,4,28.75,2629.475,12.5,3338.9625,89098.03366535356
34,2017,Ames,Iowa,AG2733,5/30/2017,6/27/17,R3,check,AACHECK,4,0.7,4942.875,0.7,4942.875,38700.69566437879
34,2017,Ames,Iowa,AG2733,5/30/2017,6/27/17,R3,MBC,TMET,4,0.7,4942.875,0.075,4337.625,38700.69566437879
34,2017,Ames,Iowa,AG2733,5/30/2017,6/27/17,R3,MBC,TMET + TEBU,4,0.7,4942.875,0.075,4320.8125,38700.69566437879
34,2017,Ames,Iowa,AG2733,5/30/2017,6/27/17,R3,QoI,PYRA,4,0.7,4942.875,0.05,4623.4375,38700.69566437879
34,2017,Ames,Iowa,AG2733,5/30/2017,6/27/17,R3,QoI+DMI,AZOX + DIFE,4,0.7,4942.875,0.025,4539.375,38700.69566437879
34,2017,Ames,Iowa,AG2733,5/30/2017,6/27/17,R3,QoI+DMI+DMI,TFLX + PROT,4,0.7,4942.875,0.15000000000000002,4505.75,38700.69566437879
35,2017,Stoneville,Mississippi,NA,NA,NA,R3,check,AACHECK,4,50,2923.861875,50,2923.861875,4618.796738658276
35,2017,Stoneville,Mississippi,NA,NA,NA,R3,DMI,TTRA,4,50,2923.861875,25,3291.55125,4618.796738658276
35,2017,Stoneville,Mississippi,NA,NA,NA,R3,DMI+QoI+SDHI,PYRA + FLUX + PROP,4,50,2923.861875,35,3496.495625,4618.796738658276
35,2017,Stoneville,Mississippi,NA,NA,NA,R3,MBC,TMET,4,50,2923.861875,35,3295.9224999999997,4618.796738658276
35,2017,Stoneville,Mississippi,NA,NA,NA,R3,MBC+DMI,TMET + TEBU,4,50,2923.861875,32.5,3453.2875,4618.796738658276
35,2017,Stoneville,Mississippi,NA,NA,NA,R3,QoI,PYRA,4,50,2923.861875,42.5,3162.7675,4618.796738658276
35,2017,Stoneville,Mississippi,NA,NA,NA,R3,QoI+DMI,AZOX + DIFE,4,50,2923.861875,27.5,3464.551875,4618.796738658276
35,2017,Stoneville,Mississippi,NA,NA,NA,R3,QoI+DMI+DMI,TFLX + PROT,4,50,2923.861875,27.5,3592.1587499999996,4618.796738658276
36,2017,TVREC,Alabama,Asgrow 5233 RR,06/28/2017,08/23/2017,R3,check,AACHECK,4,6,4130.83125,6,4130.83125,9029.627009381673
36,2017,TVREC,Alabama,Asgrow 5233 RR,06/28/2017,08/23/2017,R3,DMI,TTRA,4,6,4130.83125,4,4315.76875,9029.627009381673
36,2017,TVREC,Alabama,Asgrow 5233 RR,06/28/2017,08/23/2017,R3,DMI+QoI+SDHI,PYRA + FLUX + PROP,4,6,4130.83125,3.75,4206.4875,9029.627009381673
36,2017,TVREC,Alabama,Asgrow 5233 RR,06/28/2017,08/23/2017,R3,MBC,TMET,4,6,4130.83125,4.5,4332.58125,9029.627009381673
36,2017,TVREC,Alabama,Asgrow 5233 RR,06/28/2017,08/23/2017,R3,MBC+DMI,TMET + TEBU,4,6,4130.83125,3.25,4230.025,9029.627009381673
36,2017,TVREC,Alabama,Asgrow 5233 RR,06/28/2017,08/23/2017,R3,QoI,PYRA,4,6,4130.83125,4.5,4097.20625,9029.627009381673
36,2017,TVREC,Alabama,Asgrow 5233 RR,06/28/2017,08/23/2017,R3,QoI+DMI,AZOX + DIFE,4,6,4130.83125,4.5,4414.9625000000005,9029.627009381673
36,2017,TVREC,Alabama,Asgrow 5233 RR,06/28/2017,08/23/2017,R3,QoI+DMI+DMI,TFLX + PROT,4,6,4130.83125,4.75,4298.95625,9029.627009381673
37,2019,TVREC,Alabama,AG 52X9,06/14/2019,NA,R3,check,AACHECK,4,3.1325,1175.19375,3.1325,1175.19375,1931.3445392441854
37,2019,TVREC,Alabama,AG 52X9,06/14/2019,NA,R3,DMI,TTRA,4,3.1325,1175.19375,4.55,1289.5187500000002,1931.3445392441854
37,2019,TVREC,Alabama,AG 52X9,06/14/2019,NA,R3,DMI+QoI+SDHI,PYRA + FLUX + PROP,4,3.1325,1175.19375,5.532500000000001,1383.66875,1931.3445392441854
37,2019,TVREC,Alabama,AG 52X9,06/14/2019,NA,R3,DMI+SDHI,DIFE + PYDI,4,3.1325,1175.19375,5.2837499999999995,1299.6062499999998,1931.3445392441854
37,2019,TVREC,Alabama,AG 52X9,06/14/2019,NA,R3,MBC,TMET,4,3.1325,1175.19375,7.7675,1274.3875,1931.3445392441854
37,2019,TVREC,Alabama,AG 52X9,06/14/2019,NA,R3,MBC+DMI,TMET + TEBU,4,3.1325,1175.19375,3.5749999999999997,1318.1000000000001,1931.3445392441854
37,2019,TVREC,Alabama,AG 52X9,06/14/2019,NA,R3,QoI,PYRA,4,3.1325,1175.19375,4.6,1235.71875,1931.3445392441854
37,2019,TVREC,Alabama,AG 52X9,06/14/2019,NA,R3,QoI+DMI,AZOX + DIFE,4,3.1325,1175.19375,4.9,1318.1,1931.3445392441854
38,2019,NRES,Arkansas,NA,NA,NA,R3,check,AACHECK,4,0,3989.27,0,3989.27,35664.32088297189
38,2019,NRES,Arkansas,NA,NA,NA,R3,DMI,TTRA,4,0,3989.27,0,4165.465,35664.32088297189
38,2019,NRES,Arkansas,NA,NA,NA,R3,DMI+QoI+SDHI,PYRA + FLUX + PROP,4,0,3989.27,0,4308.7074999999995,35664.32088297189
38,2019,NRES,Arkansas,NA,NA,NA,R3,DMI+SDHI,DIFE + PYDI,4,0,3989.27,0,4573.672500000001,35664.32088297189
38,2019,NRES,Arkansas,NA,NA,NA,R3,MBC,TMET,4,0,3989.27,0,4067.9525000000003,35664.32088297189
38,2019,NRES,Arkansas,NA,NA,NA,R3,MBC+DMI,TMET + TEBU,4,0,3989.27,0,4678.5824999999995,35664.32088297189
38,2019,NRES,Arkansas,NA,NA,NA,R3,QoI,PYRA,4,0,3989.27,0,3682.6099999999997,35664.32088297189
38,2019,NRES,Arkansas,NA,NA,NA,R3,QoI+DMI,AZOX + DIFE,4,0,3989.27,0,4543.41,35664.32088297189
39,2019,Ames,Iowa,AG2733,06/03/2019,08/07/2019,R3,check,AACHECK,4,19.875,4527.606250000001,19.875,4527.606250000001,18256.59306522765
39,2019,Ames,Iowa,AG2733,06/03/2019,08/07/2019,R3,DMI,TTRA,4,19.875,4527.606250000001,1.1,5072.33125,18256.59306522765
39,2019,Ames,Iowa,AG2733,06/03/2019,08/07/2019,R3,DMI+QoI+SDHI,PYRA + FLUX + PROP,4,19.875,4527.606250000001,5.575,4685.64375,18256.59306522765
39,2019,Ames,Iowa,AG2733,06/03/2019,08/07/2019,R3,DMI+SDHI,DIFE + PYDI,4,19.875,4527.606250000001,1.2625,5191.7,18256.59306522765
39,2019,Ames,Iowa,AG2733,06/03/2019,08/07/2019,R3,MBC,TMET,4,19.875,4527.606250000001,6.85,5174.8875,18256.59306522765
39,2019,Ames,Iowa,AG2733,06/03/2019,08/07/2019,R3,MBC+DMI,TMET + TEBU,4,19.875,4527.606250000001,12.05,4951.28125,18256.59306522765
39,2019,Ames,Iowa,AG2733,06/03/2019,08/07/2019,R3,QoI,PYRA,4,19.875,4527.606250000001,19.125,4951.28125,18256.59306522765
39,2019,Ames,Iowa,AG2733,06/03/2019,08/07/2019,R3,QoI+DMI,AZOX + DIFE,4,19.875,4527.606250000001,2.8,4931.106250000001,18256.59306522765
40,2019,Quicksand,Kentucky,NK S48-R2X,05/18/2019,7/16/2019,R3,check,AACHECK,4,13.15,3574.3375,13.15,3574.3375,50548.186407226545
40,2019,Quicksand,Kentucky,NK S48-R2X,05/18/2019,7/16/2019,R3,DMI,TTRA,4,13.15,3574.3375,9.75,4411.93625,50548.186407226545
40,2019,Quicksand,Kentucky,NK S48-R2X,05/18/2019,7/16/2019,R3,DMI+QoI+SDHI,PYRA + FLUX + PROP,4,13.15,3574.3375,10.75,3931.603125,50548.186407226545
40,2019,Quicksand,Kentucky,NK S48-R2X,05/18/2019,7/16/2019,R3,DMI+SDHI,DIFE + PYDI,4,13.15,3574.3375,7,4378.815625,50548.186407226545
40,2019,Quicksand,Kentucky,NK S48-R2X,05/18/2019,7/16/2019,R3,MBC,TMET,4,13.15,3574.3375,7.9175,4121.584375,50548.186407226545
40,2019,Quicksand,Kentucky,NK S48-R2X,05/18/2019,7/16/2019,R3,MBC+DMI,TMET + TEBU,4,13.15,3574.3375,8.25,4214.389375,50548.186407226545
40,2019,Quicksand,Kentucky,NK S48-R2X,05/18/2019,7/16/2019,R3,QoI,PYRA,4,13.15,3574.3375,13.9975,3968.08625,50548.186407226545
40,2019,Quicksand,Kentucky,NK S48-R2X,05/18/2019,7/16/2019,R3,QoI+DMI,AZOX + DIFE,4,13.15,3574.3375,8.585,4129.990625,50548.186407226545
41,2019,Union County,Kentucky,NA,NA,8/14/2019,R3,check,AACHECK,4,15,2713.5375,15,2713.5375,119549.0072438192
41,2019,Union County,Kentucky,NA,NA,8/14/2019,R3,DMI,TTRA,4,15,2713.5375,10.5,2821.47375,119549.0072438192
41,2019,Union County,Kentucky,NA,NA,8/14/2019,R3,DMI+QoI+SDHI,PYRA + FLUX + PROP,4,15,2713.5375,9.915,2459.1643750000003,119549.0072438192
41,2019,Union County,Kentucky,NA,NA,8/14/2019,R3,DMI+SDHI,DIFE + PYDI,4,15,2713.5375,5.04125,2926.215625,119549.0072438192
41,2019,Union County,Kentucky,NA,NA,8/14/2019,R3,MBC,TMET,4,15,2713.5375,8.085,3141.0793750000003,119549.0072438192
41,2019,Union County,Kentucky,NA,NA,8/14/2019,R3,MBC+DMI,TMET + TEBU,4,15,2713.5375,8.0025,2731.526875,119549.0072438192
41,2019,Union County,Kentucky,NA,NA,8/14/2019,R3,QoI,PYRA,4,15,2713.5375,15,2696.725,119549.0072438192
41,2019,Union County,Kentucky,NA,NA,8/14/2019,R3,QoI+DMI,AZOX + DIFE,4,15,2713.5375,8.085,2457.4831249999997,119549.0072438192
42,2018,NA,Mississippi,NA,4/19/2018,NA,R3,check,AACHECK,4,0,5040.891875,0,5040.891875,NA
42,2018,NA,Mississippi,NA,4/19/2018,NA,R3,DMI,TTRA,4,0,5040.891875,0,4572.159375,NA
42,2018,NA,Mississippi,NA,4/19/2018,NA,R3,DMI+QoI+SDHI,PYRA + FLUX + PROP,8,0,5040.891875,0,4983.8134375,NA
42,2018,NA,Mississippi,NA,4/19/2018,NA,R3,DMI+SDHI,DIFE + PYDI,4,0,5040.891875,0,4321.4009375000005,NA
42,2018,NA,Mississippi,NA,4/19/2018,NA,R3,MBC,TMET,4,0,5040.891875,0,4823.338125,NA
42,2018,NA,Mississippi,NA,4/19/2018,NA,R3,MBC+DMI,TMET + TEBU,4,0,5040.891875,0,4421.855625,NA
42,2018,NA,Mississippi,NA,4/19/2018,NA,R3,QoI,PYRA,4,0,5040.891875,0,4863.351875,NA
42,2018,NA,Mississippi,NA,4/19/2018,NA,R3,QoI+DMI,AZOX + DIFE,4,0,5040.891875,0,4608.30625,NA
43,2018,Urbana,Illinois,NA,05/16/2018,07/10/2018,R3,check,AACHECK,4,NA,4645.29375,NA,4645.29375,NA
43,2018,Urbana,Illinois,NA,05/16/2018,07/10/2018,R3,QoI+DMI,AZOX + DIFE,4,NA,4645.29375,NA,5116.04375,NA
44,2018,Ewing,Illinois,S39-R9X,05/24/2018,07/19/2018,R3,check,AACHECK,4,NA,6615.71875,NA,6615.71875,NA
44,2018,Ewing,Illinois,S39-R9X,05/24/2018,07/19/2018,R3,DMI+SDHI,DIFE + PYDI,4,NA,6615.71875,NA,6447.59375,NA
45,2019,Monmouth,Illinois,NK S29K3X,06/07/2019,08/05/2019,R3,check,AACHECK,4,NA,4334.2625,NA,4334.2625,NA
45,2019,Monmouth,Illinois,NK S29K3X,06/07/2019,08/05/2019,R3,DMI,TTRA,4,NA,4334.2625,NA,4214.89375,NA
45,2019,Monmouth,Illinois,NK S29K3X,06/07/2019,08/05/2019,R3,DMI+QoI+SDHI,PYRA + FLUX + PROP,4,NA,4334.2625,NA,4292.23125,NA
45,2019,Monmouth,Illinois,NK S29K3X,06/07/2019,08/05/2019,R3,DMI+SDHI,DIFE + PYDI,4,NA,4334.2625,NA,4388.903125,NA
45,2019,Monmouth,Illinois,NK S29K3X,06/07/2019,08/05/2019,R3,MBC,TMET,4,NA,4334.2625,NA,4443.54375,NA
45,2019,Monmouth,Illinois,NK S29K3X,06/07/2019,08/05/2019,R3,MBC+DMI,TMET + TEBU,4,NA,4334.2625,NA,4589.8125,NA
45,2019,Monmouth,Illinois,NK S29K3X,06/07/2019,08/05/2019,R3,QoI,PYRA,4,NA,4334.2625,NA,4418.325,NA
45,2019,Monmouth,Illinois,NK S29K3X,06/07/2019,08/05/2019,R3,QoI+DMI,AZOX + DIFE,4,NA,4334.2625,NA,4314.0875,NA
46,2019,Urbana,Illinois,AG 36X6,05/17/2019,07/23/2019,R3,check,AACHECK,4,NA,4287.1875,NA,4287.1875,NA
46,2019,Urbana,Illinois,AG 36X6,05/17/2019,07/23/2019,R3,DMI,TTRA,4,NA,4287.1875,NA,4129.15,NA
46,2019,Urbana,Illinois,AG 36X6,05/17/2019,07/23/2019,R3,DMI+QoI+SDHI,PYRA + FLUX + PROP,4,NA,4287.1875,NA,4051.8125,NA
46,2019,Urbana,Illinois,AG 36X6,05/17/2019,07/23/2019,R3,DMI+SDHI,DIFE + PYDI,4,NA,4287.1875,NA,4165.296875,NA
46,2019,Urbana,Illinois,AG 36X6,05/17/2019,07/23/2019,R3,MBC+DMI,TMET + TEBU,4,NA,4287.1875,NA,4206.4875,NA
46,2019,Urbana,Illinois,AG 36X6,05/17/2019,07/23/2019,R3,QoI,PYRA,4,NA,4287.1875,NA,4310.725,NA
47,2019,Ewing,Illinois,GH 4240 XS,06/03/2019,08/14/2019,R3,DMI+QoI+SDHI,PYRA + FLUX + PROP,3,NA,NA,NA,2997.1083333333336,NA
47,2019,Ewing,Illinois,GH 4240 XS,06/03/2019,08/14/2019,R3,DMI+SDHI,DIFE + PYDI,3,NA,NA,NA,3362.5,NA
47,2019,Ewing,Illinois,GH 4240 XS,06/03/2019,08/14/2019,R3,MBC+DMI,TMET + TEBU,3,NA,NA,NA,3131.6083333333336,NA
47,2019,Ewing,Illinois,GH 4240 XS,06/03/2019,08/14/2019,R3,QoI,PYRA,3,NA,NA,NA,2802.0833333333335,NA
48,2020,NA,Arkansas,NA,NA,NA,R3,check,AACHECK,4,NA,3429.75,NA,3429.75,31554.608004088055
48,2020,NA,Arkansas,NA,NA,NA,R3,DMI,TTRA,4,NA,3429.75,NA,3295.25,31554.608004088055
48,2020,NA,Arkansas,NA,NA,NA,R3,DMI+QoI+SDHI,PYRA + FLUX + PROP,4,NA,3429.75,NA,3026.25,31554.608004088055
48,2020,NA,Arkansas,NA,NA,NA,R3,DMI+SDHI,DIFE + PYDI,4,NA,3429.75,NA,3497,31554.608004088055
48,2020,NA,Arkansas,NA,NA,NA,R3,MBC,TMET,4,NA,3429.75,NA,3310.045,31554.608004088055
48,2020,NA,Arkansas,NA,NA,NA,R3,QoI,PYRA,4,NA,3429.75,NA,3093.5,31554.608004088055
49,2020,Urbana,Illinois,P40A47X,04/21/2020,07/27/2020,R3,DMI,TTRA,4,NA,NA,NA,3892.09375,NA
49,2020,Urbana,Illinois,P40A47X,04/21/2020,07/27/2020,R3,DMI+QoI+SDHI,PYRA + FLUX + PROP,4,NA,NA,NA,3833.25,NA
49,2020,Urbana,Illinois,P40A47X,04/21/2020,07/27/2020,R3,DMI+SDHI,DIFE + PYDI,4,NA,NA,NA,3564.25,NA
49,2020,Urbana,Illinois,P40A47X,04/21/2020,07/27/2020,R3,QoI,PYRA,4,NA,NA,NA,3833.25,NA
50,2020,Belleville,Illinois,NA,NA,NA,R3,check,AACHECK,4,2.65,2437.8125,2.65,2437.8125,149619.55830729165
50,2020,Belleville,Illinois,NA,NA,NA,R3,DMI,TTRA,4,2.65,2437.8125,5.25,3083.4125,149619.55830729165
50,2020,Belleville,Illinois,NA,NA,NA,R3,DMI+QoI+SDHI,PYRA + FLUX + PROP,4,2.65,2437.8125,2.95,1765.3125,149619.55830729165
50,2020,Belleville,Illinois,NA,NA,NA,R3,DMI+SDHI,DIFE + PYDI,4,2.65,2437.8125,3.15,1876.275,149619.55830729165
50,2020,Belleville,Illinois,NA,NA,NA,R3,MBC,TMET,4,2.65,2437.8125,4.025,2382.33125,149619.55830729165
50,2020,Belleville,Illinois,NA,NA,NA,R3,QoI,PYRA,4,2.65,2437.8125,5.525,3254.9,149619.55830729165
51,2020,Ames,Iowa,AG20X9,05/11/2020,8/13/2020,R3,check,AACHECK,4,NA,3883.6875,NA,3883.6875,NA
51,2020,Ames,Iowa,AG20X9,05/11/2020,8/13/2020,R3,DMI,TTRA,4,NA,3883.6875,NA,3631.5,NA
51,2020,Ames,Iowa,AG20X9,05/11/2020,8/13/2020,R3,DMI+QoI+SDHI,PYRA + FLUX + PROP,4,NA,3883.6875,NA,3833.25,NA
51,2020,Ames,Iowa,AG20X9,05/11/2020,8/13/2020,R3,DMI+SDHI,DIFE + PYDI,4,NA,3883.6875,NA,4068.625,NA
51,2020,Ames,Iowa,AG20X9,05/11/2020,8/13/2020,R3,MBC,TMET,4,NA,3883.6875,NA,3816.4375,NA
51,2020,Ames,Iowa,AG20X9,05/11/2020,8/13/2020,R3,QoI,PYRA,4,NA,3883.6875,NA,4505.75,NA
52,2020,Union County,Kentucky,NA,NA,8/10/2020,R3,check,AACHECK,4,13.35,4922.7,13.35,4922.7,11922.10288368055
52,2020,Union County,Kentucky,NA,NA,8/10/2020,R3,DMI,TTRA,4,13.35,4922.7,7.1,4890.75625,11922.10288368055
52,2020,Union County,Kentucky,NA,NA,8/10/2020,R3,DMI+QoI+SDHI,PYRA + FLUX + PROP,4,13.35,4922.7,7.975,4909.25,11922.10288368055
52,2020,Union County,Kentucky,NA,NA,8/10/2020,R3,DMI+SDHI,DIFE + PYDI,4,13.35,4922.7,1.75,5132.85625,11922.10288368055
52,2020,Union County,Kentucky,NA,NA,8/10/2020,R3,MBC,TMET,4,13.35,4922.7,4.6,4858.8125,11922.10288368055
52,2020,Union County,Kentucky,NA,NA,8/10/2020,R3,QoI,PYRA,4,13.35,4922.7,17.475,4919.3375,11922.10288368055
53,2020,Princeton,Kentucky,NA,NA,NA,R3,check,AACHECK,4,0.675,4221.61875,0.675,4221.61875,15567.334491196945
53,2020,Princeton,Kentucky,NA,NA,NA,R3,DMI,TTRA,4,0.675,4221.61875,0,4504.06875,15567.334491196945
53,2020,Princeton,Kentucky,NA,NA,NA,R3,DMI+QoI+SDHI,PYRA + FLUX + PROP,4,0.675,4221.61875,0.35,4480.53125,15567.334491196945
53,2020,Princeton,Kentucky,NA,NA,NA,R3,DMI+SDHI,DIFE + PYDI,4,0.675,4221.61875,0.46249999999999997,4789.88125,15567.334491196945
53,2020,Princeton,Kentucky,NA,NA,NA,R3,MBC,TMET,4,0.675,4221.61875,0,4705.81875,15567.334491196945
53,2020,Princeton,Kentucky,NA,NA,NA,R3,QoI,PYRA,4,0.675,4221.61875,0.175,4643.6125,15567.334491196945
53,2020,Princeton,Kentucky,NA,NA,NA,R3,QoI+DMI,AZOX + DIFE,4,0.675,4221.61875,0.425,4878.9875,15567.334491196945
54,2020,Quicksand,Kentucky,Progeny 4291,NA,7/22/2020,R3,check,AACHECK,4,28.775,3503.556875,28.775,3503.556875,48634.356111831155
54,2020,Quicksand,Kentucky,Progeny 4291,NA,7/22/2020,R3,DMI,TTRA,4,28.775,3503.556875,20.425,4675.3881249999995,48634.356111831155
54,2020,Quicksand,Kentucky,Progeny 4291,NA,7/22/2020,R3,DMI+QoI+SDHI,PYRA + FLUX + PROP,4,28.775,3503.556875,25.825,4405.715625,48634.356111831155
54,2020,Quicksand,Kentucky,Progeny 4291,NA,7/22/2020,R3,DMI+SDHI,DIFE + PYDI,4,28.775,3503.556875,13.3375,4678.078125,48634.356111831155
54,2020,Quicksand,Kentucky,Progeny 4291,NA,7/22/2020,R3,MBC+DMI,TMET + TEBU,4,28.775,3503.556875,9.575,4618.39375,48634.356111831155
54,2020,Quicksand,Kentucky,Progeny 4291,NA,7/22/2020,R3,QoI,PYRA,4,28.775,3503.556875,30,3802.9875,48634.356111831155
55,2019,NA,Mississippi,NA,NA,7/10/2019,R4,check,AACHECK,4,12.5,4856.795,12.5,4856.795,34931.39862878006
55,2019,NA,Mississippi,NA,NA,7/10/2019,R4,DMI,TTRA,4,12.5,4856.795,10,5292.743125,34931.39862878006
55,2019,NA,Mississippi,NA,NA,7/10/2019,R4,DMI+QoI+SDHI,PYRA + FLUX + PROP,4,12.5,4856.795,12.5,4810.72875,34931.39862878006
55,2019,NA,Mississippi,NA,NA,7/10/2019,R4,DMI+SDHI,DIFE + PYDI,4,12.5,4856.795,10,4531.9775,34931.39862878006
55,2019,NA,Mississippi,NA,NA,7/10/2019,R4,MBC,TMET,4,12.5,4856.795,10,4764.32625,34931.39862878006
55,2019,NA,Mississippi,NA,NA,7/10/2019,R4,MBC+DMI,TMET + TEBU,4,12.5,4856.795,10,4875.120625,34931.39862878006
55,2019,NA,Mississippi,NA,NA,7/10/2019,R4,QoI,PYRA,4,12.5,4856.795,10,4970.4475,34931.39862878006
55,2019,NA,Mississippi,NA,NA,7/10/2019,R4,QoI+DMI,AZOX + DIFE,4,12.5,4856.795,10,4973.978125,34931.39862878006
56,2020,NA,Mississippi,NA,NA,7/13/2020,R4,check,AACHECK,4,NA,4484.398125,NA,4484.398125,NA
56,2020,NA,Mississippi,NA,NA,7/13/2020,R4,DMI,TTRA,4,NA,4484.398125,NA,4686.98875,NA
56,2020,NA,Mississippi,NA,NA,7/13/2020,R4,DMI+QoI+SDHI,PYRA + FLUX + PROP,4,NA,4484.398125,NA,4531.4731249999995,NA
56,2020,NA,Mississippi,NA,NA,7/13/2020,R4,DMI+SDHI,DIFE + PYDI,4,NA,4484.398125,NA,4498.184375,NA
56,2020,NA,Mississippi,NA,NA,7/13/2020,R4,MBC,TMET,4,NA,4484.398125,NA,4435.305625,NA
56,2020,NA,Mississippi,NA,NA,7/13/2020,R4,QoI,PYRA,4,NA,4484.398125,NA,4548.45375,NA
57,2017,Milan,Tennessee,Asgrow 4633,5/31/2017,8/9/2017,R3,check,AACHECK,4,4.5,3823.1625,4.5,3823.1625,15362.15835710622
57,2017,Milan,Tennessee,Asgrow 4633,5/31/2017,8/9/2017,R3,DMI,TTRA,4,4.5,3823.1625,2,3888.73125,15362.15835710622
57,2017,Milan,Tennessee,Asgrow 4633,5/31/2017,8/9/2017,R3,DMI+QoI+SDHI,PYRA + FLUX + PROP,4,4.5,3823.1625,1.25,4077.03125,15362.15835710622
57,2017,Milan,Tennessee,Asgrow 4633,5/31/2017,8/9/2017,R3,MBC,TMET,4,4.5,3823.1625,3,4176.225,15362.15835710622
57,2017,Milan,Tennessee,Asgrow 4633,5/31/2017,8/9/2017,R3,MBC+DMI,TMET + TEBU,4,4.5,3823.1625,1.75,4071.9875,15362.15835710622
57,2017,Milan,Tennessee,Asgrow 4633,5/31/2017,8/9/2017,R3,QoI,PYRA,4,4.5,3823.1625,3.75,4083.75625,15362.15835710622
57,2017,Milan,Tennessee,Asgrow 4633,5/31/2017,8/9/2017,R3,QoI+DMI,AZOX + DIFE,4,4.5,3823.1625,1.25,4251.88125,15362.15835710622
57,2017,Milan,Tennessee,Asgrow 4633,5/31/2017,8/9/2017,R3,QoI+DMI+DMI,TFLX + PROT,4,4.5,3823.1625,1.25,4043.40625,15362.15835710622
58,2018,Milan,Tennessee,AG39X7,6/4/2018,8/9/2018,R3,check,AACHECK,4,5.5,3370.90625,5.5,3370.90625,27637.023808009944
58,2018,Milan,Tennessee,AG39X7,6/4/2018,8/9/2018,R3,DMI,TTRA,4,5.5,3370.90625,2.25,3555.84375,27637.023808009944
58,2018,Milan,Tennessee,AG39X7,6/4/2018,8/9/2018,R3,DMI+QoI+SDHI,PYRA + FLUX + PROP,4,5.5,3370.90625,2.625,3495.31875,27637.023808009944
58,2018,Milan,Tennessee,AG39X7,6/4/2018,8/9/2018,R3,DMI+SDHI,DIFE + PYDI,4,5.5,3370.90625,1.5625,3599.55625,27637.023808009944
58,2018,Milan,Tennessee,AG39X7,6/4/2018,8/9/2018,R3,MBC,TMET,4,5.5,3370.90625,3.5,3414.61875,27637.023808009944
58,2018,Milan,Tennessee,AG39X7,6/4/2018,8/9/2018,R3,MBC+DMI,TMET + TEBU,4,5.5,3370.90625,3.5,3557.5249999999996,27637.023808009944
58,2018,Milan,Tennessee,AG39X7,6/4/2018,8/9/2018,R3,QoI,PYRA,4,5.5,3370.90625,5.75,3433.1125,27637.023808009944
58,2018,Milan,Tennessee,AG39X7,6/4/2018,8/9/2018,R3,QoI+DMI,AZOX + DIFE,4,5.5,3370.90625,1.5,3160.75,27637.023808009944
59,2020,Milan,Tennessee,Pioneer 43A42,6/3/2020,8/7/2020,R3,check,AACHECK,4,12.5,2568.95,12.5,2568.95,12912.711573495386
59,2020,Milan,Tennessee,Pioneer 43A42,6/3/2020,8/7/2020,R3,DMI,TTRA,4,12.5,2568.95,4.75,2572.3125,12912.711573495386
59,2020,Milan,Tennessee,Pioneer 43A42,6/3/2020,8/7/2020,R3,DMI+QoI+SDHI,PYRA + FLUX + PROP,4,12.5,2568.95,1.75,2933.78125,12912.711573495386
59,2020,Milan,Tennessee,Pioneer 43A42,6/3/2020,8/7/2020,R3,DMI+SDHI,DIFE + PYDI,4,12.5,2568.95,2,2901.8375,12912.711573495386
59,2020,Milan,Tennessee,Pioneer 43A42,6/3/2020,8/7/2020,R3,MBC,TMET,4,12.5,2568.95,3,3049.7875,12912.711573495386
59,2020,Milan,Tennessee,Pioneer 43A42,6/3/2020,8/7/2020,R3,QoI,PYRA,4,12.5,2568.95,6.5,2649.65,12912.711573495386
60,2011,Dixon Springs,Illinois,Asgrow 4703,06/09/2011,7/27/2011,VT,DMI,TTRA,4,25.75,NA,11,1973.7875,26812.27001398533
60,2011,Dixon Springs,Illinois,Asgrow 4703,06/09/2011,7/27/2011,VT,MBC,TMET,4,25.75,NA,3.75,2333.5750000000003,26812.27001398533
60,2011,Dixon Springs,Illinois,Asgrow 4703,06/09/2011,7/27/2011,VT,QoI,PYRA,4,25.75,NA,22.5,1682.93125,26812.27001398533
60,2011,Dixon Springs,Illinois,Asgrow 4703,06/09/2011,7/27/2011,VT,QoI+DMI,AZOX + DIFE,4,25.75,NA,7.625,2207.48125,26812.27001398533
61,2012,Dixon Springs,Illinois,Asgrow 4703,05/24/2012,7/24/2012,R3,check,AACHECK,4,55.85,3286.84375,55.85,3286.84375,26548.0453759872
61,2012,Dixon Springs,Illinois,Asgrow 4703,05/24/2012,7/24/2012,R3,DMI,TTRA,4,55.85,3286.84375,38.325,4092.1625,26548.0453759872
61,2012,Dixon Springs,Illinois,Asgrow 4703,05/24/2012,7/24/2012,R3,MBC,TMET,4,55.85,3286.84375,19.15,4320.8125,26548.0453759872
61,2012,Dixon Springs,Illinois,Asgrow 4703,05/24/2012,7/24/2012,R3,MBC+DMI,TMET + TEBU,4,55.85,3286.84375,17.9,4734.4000000000005,26548.0453759872
61,2012,Dixon Springs,Illinois,Asgrow 4703,05/24/2012,7/24/2012,R3,QoI,PYRA,4,55.85,3286.84375,60.425,3266.66875,26548.0453759872
61,2012,Dixon Springs,Illinois,Asgrow 4703,05/24/2012,7/24/2012,R3,QoI+DMI,AZOX + DIFE,4,55.85,3286.84375,20.4,4522.5625,26548.0453759872
62,2013,Dixon Springs,Illinois,Asgrow 4703,5/6/2013,8/14/2013,R3,check,AACHECK,4,40.425,3713.88125,40.425,3713.88125,54424.41324135285
62,2013,Dixon Springs,Illinois,Asgrow 4703,5/6/2013,8/14/2013,R3,MBC,TMET,4,40.425,3713.88125,7.5,4193.0375,54424.41324135285
62,2013,Dixon Springs,Illinois,Asgrow 4703,5/6/2013,8/14/2013,R3,QoI,PYRA,4,40.425,3713.88125,37.925,3301.975,54424.41324135285
63,2014,Dixon Springs,Illinois,Armor 4744,5/27/2014,7/28/2014,R3,check,AACHECK,4,37.925,2214.2062499999997,37.925,2214.2062499999997,94493.71437228975
63,2014,Dixon Springs,Illinois,Armor 4744,5/27/2014,7/28/2014,R3,MBC,TMET,4,37.925,2214.2062499999997,25.4,2975.8125,94493.71437228975
63,2014,Dixon Springs,Illinois,Armor 4744,5/27/2014,7/28/2014,R3,QoI,PYRA,4,37.925,2214.2062499999997,36.224999999999994,3234.725,94493.71437228975
63,2014,Dixon Springs,Illinois,Armor 4744,5/27/2014,7/28/2014,R3,QoI+DMI,AZOX + DIFE,4,37.925,2214.2062499999997,29.175,2959,94493.71437228975
64,2021,Ames,Iowa,AG30XF0,05/11/2021,07/27/2021,R3,check,AACHECK,4,10.8,4348.553125,10.8,4348.553125,49023.44667990821
64,2021,Ames,Iowa,AG30XF0,05/11/2021,07/27/2021,R3,DMI,TTRA,4,10.8,4348.553125,6.625,4967.253124999999,49023.44667990821
64,2021,Ames,Iowa,AG30XF0,05/11/2021,07/27/2021,R3,DMI+SDHI,DIFE + PYDI,4,10.8,4348.553125,5.45,4984.57,49023.44667990821
64,2021,Ames,Iowa,AG30XF0,05/11/2021,07/27/2021,R3,MBC,TMET,4,10.8,4348.553125,6.2,4730.533125,49023.44667990821
64,2021,Ames,Iowa,AG30XF0,05/11/2021,07/27/2021,R3,QoI,PYRA,4,10.8,4348.553125,12.25,4960.864375,49023.44667990821
64,2021,Ames,Iowa,AG30XF0,05/11/2021,07/27/2021,R3,QoI+DMI,AZOX + DIFE,4,10.8,4348.553125,3.125,4542.233125,49023.44667990821
65,2021,Princeton,Kentucky,Channel 4320RXF,5/25/2021,7/28/2021,R3,check,AACHECK,4,4.325,4741.125,4.325,4741.125,16499.872623895215
65,2021,Princeton,Kentucky,Channel 4320RXF,5/25/2021,7/28/2021,R3,DMI+QoI+SDHI,PYRA + FLUX + PROP,4,4.325,4741.125,0.425,4823.50625,16499.872623895215
65,2021,Princeton,Kentucky,Channel 4320RXF,5/25/2021,7/28/2021,R3,DMI+SDHI,DIFE + PYDI,4,4.325,4741.125,0.25,5287.53125,16499.872623895215
65,2021,Princeton,Kentucky,Channel 4320RXF,5/25/2021,7/28/2021,R3,MBC+DMI,TMET + TEBU,4,4.325,4741.125,0.5,4936.15,16499.872623895215
65,2021,Princeton,Kentucky,Channel 4320RXF,5/25/2021,7/28/2021,R3,QoI,PYRA,4,4.325,4741.125,1.6,4710.8625,16499.872623895215
66,2021,Quicksand,Kentucky,NA,NA,8/12/2021,R3,check,AACHECK,4,9.575,3295.25,9.575,3295.25,68686.41796874997
66,2021,Quicksand,Kentucky,NA,NA,8/12/2021,R3,DMI+QoI+SDHI,PYRA + FLUX + PROP,4,9.575,3295.25,4.925,3211.1875,68686.41796874997
66,2021,Quicksand,Kentucky,NA,NA,8/12/2021,R3,DMI+SDHI,DIFE + PYDI,4,9.575,3295.25,2.175,2908.5625,68686.41796874997
66,2021,Quicksand,Kentucky,NA,NA,8/12/2021,R3,MBC+DMI,TMET + TEBU,4,9.575,3295.25,5.475,3194.375,68686.41796874997
66,2021,Quicksand,Kentucky,NA,NA,8/12/2021,R3,QoI,PYRA,4,9.575,3295.25,10,2959,68686.41796874997
