study,year,location,state,cultivar,planting_date,app_date,growth_stage,group,active_ingred,n,sev_check,yld_check,mean_sev,mean_yld,log_sev,vi_sev,V_sev
1,2015,TVREC,Alabama,NA,NA,NA,R3,check,AACHECK,4,45.5,4747.85,45.5,4747.85,3.817712325956905,0.02161338356393301,178.98042929292927
1,2015,TVREC,Alabama,NA,NA,NA,R3,DMI,TTRA,4,45.5,4747.85,8.25,5127.8125,2.1102132003465894,0.6574120451530919,178.98042929292927
1,2015,TVREC,Alabama,NA,NA,NA,R3,MBC,TMET + TEBU,4,45.5,4747.85,33,4912.6125,3.4965075614664802,0.041088252822068246,178.98042929292927
1,2015,TVREC,Alabama,NA,NA,NA,R3,QoI,PYRA,4,45.5,4747.85,39.25,4976.5,3.6699514442284173,0.029044655652225936,178.98042929292927
2,2015,NRES,Arkansas,Armor 4744,NA,NA,R3,check,AACHECK,4,13.75,2943.8687499999996,13.75,2943.8687499999996,2.6210388241125804,0.00607145838550797,4.591540404040402
2,2015,NRES,Arkansas,Armor 4744,NA,NA,R3,DMI,TTRA,4,13.75,2943.8687499999996,8.75,3098.54375,2.169053700369523,0.014992784992784986,4.591540404040402
2,2015,NRES,Arkansas,Armor 4744,NA,NA,R3,MBC,TMET,4,13.75,2943.8687499999996,5,2809.36875,1.6094379124341003,0.04591540404040402,4.591540404040402
2,2015,NRES,Arkansas,Armor 4744,NA,NA,R3,MBC,TMET + TEBU,4,13.75,2943.8687499999996,5,3155.70625,1.6094379124341003,0.04591540404040402,4.591540404040402
2,2015,NRES,Arkansas,Armor 4744,NA,NA,R3,QoI,PYRA,4,13.75,2943.8687499999996,10,NA,2.302585092994046,0.011478851010101005,4.591540404040402
2,2015,NRES,Arkansas,Armor 4744,NA,NA,R3,QoI+DMI,AZOX + DIFE,4,13.75,2943.8687499999996,5.5,3555.84375,1.7047480922384253,0.03794661490942481,4.591540404040402
2,2015,NRES,Arkansas,Armor 4744,NA,NA,R3,QoI+DMI+DMI,TFLX + PROT,4,13.75,2943.8687499999996,5,3607.9625,1.6094379124341003,0.04591540404040402,4.591540404040402
3,2015,Dixon Springs,Illinois,Armor 4744,05/23/2015,07/31/2015,R3,check,AACHECK,4,34.75,2468.075,34.75,2468.075,3.548179572010801,0.0021505718263589105,10.387799564270129
3,2015,Dixon Springs,Illinois,Armor 4744,05/23/2015,07/31/2015,R3,DMI,TTRA,4,34.75,2468.075,9,3226.3187500000004,2.1972245773362196,0.032061109766265826,10.387799564270129
3,2015,Dixon Springs,Illinois,Armor 4744,05/23/2015,07/31/2015,R3,MBC,TMET,4,34.75,2468.075,5.5,3280.11875,1.7047480922384253,0.08584958317578618,10.387799564270129
3,2015,Dixon Springs,Illinois,Armor 4744,05/23/2015,07/31/2015,R3,MBC+DMI,TMET + TEBU,4,34.75,2468.075,7,3423.025,1.9459101490553132,0.05299897736872514,10.387799564270129
3,2015,Dixon Springs,Illinois,Armor 4744,05/23/2015,07/31/2015,R3,QoI,PYRA,4,34.75,2468.075,32.75,2422.68125,3.488902962081261,0.0024212574009137297,10.387799564270129
3,2015,Dixon Springs,Illinois,Armor 4744,05/23/2015,07/31/2015,R3,QoI+DMI,AZOX + DIFE,4,34.75,2468.075,9,3322.15,2.1972245773362196,0.032061109766265826,10.387799564270129
3,2015,Dixon Springs,Illinois,Armor 4744,05/23/2015,07/31/2015,R3,QoI+DMI+DMI,TFLX + PROT,4,34.75,2468.075,11.5,3157.3875,2.4423470353692043,0.019636672144177938,10.387799564270129
4,2015,Carbondale,Illinois,AG 4433,5/29/2015,07/21/2015,R3,check,AACHECK,4,42.5,3307.01875,42.5,3307.01875,3.7495040759303713,0.007394446192024047,53.42487373737374
4,2015,Carbondale,Illinois,AG 4433,5/29/2015,07/21/2015,R3,DMI,TTRA,4,42.5,3307.01875,30,3439.8375,3.4011973816621555,0.014840242704826038,53.42487373737374
4,2015,Carbondale,Illinois,AG 4433,5/29/2015,07/21/2015,R3,MBC,TMET,4,42.5,3307.01875,22.5,3434.7937500000003,3.1135153092103742,0.026382653697468512,53.42487373737374
4,2015,Carbondale,Illinois,AG 4433,5/29/2015,07/21/2015,R3,MBC+DMI,TMET + TEBU,4,42.5,3307.01875,20,3653.35625,2.995732273553991,0.033390546085858584,53.42487373737374
4,2015,Carbondale,Illinois,AG 4433,5/29/2015,07/21/2015,R3,QoI,PYRA,4,42.5,3307.01875,42.5,3661.7625,3.7495040759303713,0.007394446192024047,53.42487373737374
4,2015,Carbondale,Illinois,AG 4433,5/29/2015,07/21/2015,R3,QoI+DMI,AZOX + DIFE,4,42.5,3307.01875,20,3707.15625,2.995732273553991,0.033390546085858584,53.42487373737374
4,2015,Carbondale,Illinois,AG 4433,5/29/2015,07/21/2015,R3,QoI+DMI+DMI,TFLX + PROT,4,42.5,3307.01875,20,3658.4,2.995732273553991,0.033390546085858584,53.42487373737374
5,2015,Ames,Iowa,AG3334,05/19/2015,08/03/2015,R3,check,AACHECK,4,2.1675,3342.325,2.1675,3342.325,0.7735744296725598,0.2779226648473455,5.222785250410907
5,2015,Ames,Iowa,AG3334,05/19/2015,08/03/2015,R3,MBC,TMET,4,2.1675,3342.325,1.9175,3470.1,0.6510222542592742,0.3551169748481381,5.222785250410907
5,2015,Ames,Iowa,AG3334,05/19/2015,08/03/2015,R3,MBC,TMET + TEBU,4,2.1675,3342.325,0.41750000000000004,3332.2375,-0.8734707346912268,7.490817527212745,5.222785250410907
5,2015,Ames,Iowa,AG3334,05/19/2015,08/03/2015,R3,QoI,PYRA,4,2.1675,3342.325,3.3325,3488.59375,1.2037227730707267,0.11757144650928465,5.222785250410907
5,2015,Ames,Iowa,AG3334,05/19/2015,08/03/2015,R3,QoI+DMI,AZOX + DIFE,4,2.1675,3342.325,2.0825,3325.5125,0.7335690950588607,0.3010732408446254,5.222785250410907
5,2015,Ames,Iowa,AG3334,05/19/2015,08/03/2015,R3,QoI+DMI+DMI,TFLX + PROT,4,2.1675,3342.325,0.41500000000000004,3375.95,-0.8794767587514387,7.581340180593565,5.222785250410907
6,2015,Princeton,Kentucky,NA,NA,07/21/2015,R3,check,AACHECK,4,50,2580.71875,50,2580.71875,3.912023005428146,5.971763440860214e-4,5.971763440860214
6,2015,Princeton,Kentucky,NA,NA,07/21/2015,R3,DMI,TTRA,4,50,2580.71875,25,3379.3125,3.2188758248682006,0.0023887053763440858,5.971763440860214
6,2015,Princeton,Kentucky,NA,NA,07/21/2015,R3,MBC,TMET,4,50,2580.71875,20.425,3760.95625,3.0167596407460664,0.0035786438073797254,5.971763440860214
6,2015,Princeton,Kentucky,NA,NA,07/21/2015,R3,MBC+DMI,TMET + TEBU,4,50,2580.71875,19.15,3698.75,2.952302715626655,0.0040710369835912814,5.971763440860214
6,2015,Princeton,Kentucky,NA,NA,07/21/2015,R3,QoI+DMI,AZOX + DIFE,4,50,2580.71875,20,3613.0062500000004,2.995732273553991,0.003732352150537634,5.971763440860214
6,2015,Princeton,Kentucky,NA,NA,07/21/2015,R3,QoI+DMI+DMI,TFLX + PROT,4,50,2580.71875,20.825,3969.43125,3.0361541880529064,0.0034424891824832013,5.971763440860214
7,2015,Baton Rouge,Louisiana,NA,NA,NA,R3,check,AACHECK,4,82.5,2690.3362500000003,82.5,2690.3362500000003,4.412798293340635,0.0012814091326488017,34.886363636363626
7,2015,Baton Rouge,Louisiana,NA,NA,NA,R3,DMI,TTRA,4,82.5,2690.3362500000003,22.5,3169.996875,3.1135153092103742,0.017227833894500555,34.886363636363626
7,2015,Baton Rouge,Louisiana,NA,NA,NA,R3,MBC,TMET,4,82.5,2690.3362500000003,30,3225.141875,3.4011973816621555,0.009690656565656562,34.886363636363626
7,2015,Baton Rouge,Louisiana,NA,NA,NA,R3,MBC,TMET + TEBU,4,82.5,2690.3362500000003,22.5,3090.81,3.1135153092103742,0.017227833894500555,34.886363636363626
7,2015,Baton Rouge,Louisiana,NA,NA,NA,R3,QoI,PYRA,4,82.5,2690.3362500000003,37.5,2851.3999999999996,3.624340932976365,0.0062020202020202,34.886363636363626
7,2015,Baton Rouge,Louisiana,NA,NA,NA,R3,QoI+DMI,AZOX + DIFE,4,82.5,2690.3362500000003,26.25,2963.203125,3.2676659890376327,0.01265718408575551,34.886363636363626
7,2015,Baton Rouge,Louisiana,NA,NA,NA,R3,QoI+DMI+DMI,TFLX + PROT,4,82.5,2690.3362500000003,30,3225.141875,3.4011973816621555,0.009690656565656562,34.886363636363626
8,2015,Crowley,Louisiana,NA,NA,NA,R3,check,AACHECK,4,86.25,3293.2325,86.25,3293.2325,4.457250055911469,6.619439511689055e-4,19.696969696969745
8,2015,Crowley,Louisiana,NA,NA,NA,R3,DMI,TTRA,4,86.25,3293.2325,18.75,4026.59375,2.9311937524164198,0.01400673400673404,19.696969696969745
8,2015,Crowley,Louisiana,NA,NA,NA,R3,MBC,TMET,4,86.25,3293.2325,28.75,3793.0681250000002,3.3586377672433594,0.0059574955605201495,19.696969696969745
8,2015,Crowley,Louisiana,NA,NA,NA,R3,MBC,TMET + TEBU,4,86.25,3293.2325,10,4245.660625,2.302585092994046,0.049242424242424365,19.696969696969745
8,2015,Crowley,Louisiana,NA,NA,NA,R3,QoI,PYRA,4,86.25,3293.2325,37.5,3799.456875,3.624340932976365,0.00350168350168351,19.696969696969745
8,2015,Crowley,Louisiana,NA,NA,NA,R3,QoI+DMI,AZOX + DIFE,4,86.25,3293.2325,30,3515.998125,3.4011973816621555,0.005471380471380485,19.696969696969745
8,2015,Crowley,Louisiana,NA,NA,NA,R3,QoI+DMI+DMI,TFLX + PROT,4,86.25,3293.2325,25,3630.323125,3.2188758248682006,0.007878787878787898,19.696969696969745
9,2015,Turtleback,Louisiana,NA,NA,NA,R3,check,AACHECK,4,8.3,1452.6,8.3,1452.6,2.1162555148025524,0.009068127200294401,2.498813131313126
9,2015,Turtleback,Louisiana,NA,NA,NA,R3,DMI,TTRA,4,8.3,1452.6,2.1,1652.66875,0.7419373447293773,0.14165607320369195,2.498813131313126
9,2015,Turtleback,Louisiana,NA,NA,NA,R3,MBC,TMET,4,8.3,1452.6,1.75,1519.85,0.5596157879354227,0.2039847454133164,2.498813131313126
9,2015,Turtleback,Louisiana,NA,NA,NA,R3,MBC+DMI,TMET + TEBU,4,8.3,1452.6,2.5,1491.26875,0.9162907318741551,0.09995252525252503,2.498813131313126
9,2015,Turtleback,Louisiana,NA,NA,NA,R3,QoI,PYRA,4,8.3,1452.6,5.5,1348.3625,1.7047480922384253,0.020651348192670463,2.498813131313126
9,2015,Turtleback,Louisiana,NA,NA,NA,R3,QoI+DMI,AZOX + DIFE,4,8.3,1452.6,2.4,1523.2125,0.8754687373538999,0.10845543104657665,2.498813131313126
9,2015,Turtleback,Louisiana,NA,NA,NA,R3,QoI+DMI+DMI,TFLX + PROT,4,8.3,1452.6,1.8499999999999999,1543.3875,0.6151856390902334,0.18252835144727,2.498813131313126
10,2015,NA,Mississippi,DynaGro 37RY47,6/6/2015,07/29/2015,R3,check,AACHECK,4,52.5,3244.8125,52.5,3244.8125,3.960813169597578,0.00815410339219863,89.8989898989899
10,2015,NA,Mississippi,DynaGro 37RY47,6/6/2015,07/29/2015,R3,DMI,TTRA,4,52.5,3244.8125,50,3295.25,3.912023005428146,0.008989898989898989,89.8989898989899
10,2015,NA,Mississippi,DynaGro 37RY47,6/6/2015,07/29/2015,R3,MBC,TMET,4,52.5,3244.8125,60,3143.9375,4.0943445622221,0.0062429854096520765,89.8989898989899
10,2015,NA,Mississippi,DynaGro 37RY47,6/6/2015,07/29/2015,R3,MBC,TMET + TEBU,4,52.5,3244.8125,50,3278.4375,3.912023005428146,0.008989898989898989,89.8989898989899
10,2015,NA,Mississippi,DynaGro 37RY47,6/6/2015,07/29/2015,R3,QoI,PYRA,4,52.5,3244.8125,50,3345.6875,3.912023005428146,0.008989898989898989,89.8989898989899
10,2015,NA,Mississippi,DynaGro 37RY47,6/6/2015,07/29/2015,R3,QoI+DMI,AZOX + DIFE,4,52.5,3244.8125,52.5,3362.5,3.960813169597578,0.00815410339219863,89.8989898989899
10,2015,NA,Mississippi,DynaGro 37RY47,6/6/2015,07/29/2015,R3,QoI+DMI+DMI,TFLX + PROT,4,52.5,3244.8125,55,3244.8125,4.007333185232471,0.00742966858669338,89.8989898989899
11,2015,Cotton Grove,Tennessee,Armor 4744,06/07/2015,08/11/2015,R3,check,AACHECK,4,7.75,4038.3625,7.75,4038.3625,2.0476928433652555,0.028924836292161943,6.9491919191919065
11,2015,Cotton Grove,Tennessee,Armor 4744,06/07/2015,08/11/2015,R3,DMI,TTRA,4,7.75,4038.3625,1.75,4369.56875,0.5596157879354227,0.5672809729952577,6.9491919191919065
11,2015,Cotton Grove,Tennessee,Armor 4744,06/07/2015,08/11/2015,R3,MBC,TMET,4,7.75,4038.3625,5.5,4063.58125,1.7047480922384253,0.05743133817513972,6.9491919191919065
11,2015,Cotton Grove,Tennessee,Armor 4744,06/07/2015,08/11/2015,R3,MBC,TMET + TEBU,4,7.75,4038.3625,2,4238.4312500000005,0.6931471805599453,0.43432449494949416,6.9491919191919065
11,2015,Cotton Grove,Tennessee,Armor 4744,06/07/2015,08/11/2015,R3,QoI,PYRA,4,7.75,4038.3625,8.5,4418.325,2.1400661634962708,0.02404564677921075,6.9491919191919065
11,2015,Cotton Grove,Tennessee,Armor 4744,06/07/2015,08/11/2015,R3,QoI+DMI,AZOX + DIFE,4,7.75,4038.3625,2.25,4472.125,0.8109302162163288,0.3431699713181188,6.9491919191919065
11,2015,Cotton Grove,Tennessee,Armor 4744,06/07/2015,08/11/2015,R3,QoI+DMI+DMI,TFLX + PROT,4,7.75,4038.3625,2.75,3991.2875,1.0116009116784799,0.22972535270055888,6.9491919191919065
12,2015,Milan,Tennessee,NA,6/5/2015,8/7/2015,R3,check,AACHECK,4,44.25,2573.99375,44.25,2573.99375,3.7898553714539385,0.0058558783597086606,45.86470328282816
12,2015,Milan,Tennessee,NA,6/5/2015,8/7/2015,R3,DMI,TTRA,4,44.25,2573.99375,12,3276.75625,2.4849066497880004,0.07962622097713222,45.86470328282816
12,2015,Milan,Tennessee,NA,6/5/2015,8/7/2015,R3,MBC,TMET,4,44.25,2573.99375,14.25,3301.975,2.6567569067146595,0.056466239806498196,45.86470328282816
12,2015,Milan,Tennessee,NA,6/5/2015,8/7/2015,R3,MBC,TMET + TEBU,4,44.25,2573.99375,16.075,3115.35625,2.777265270123683,0.04437277950395639,45.86470328282816
12,2015,Milan,Tennessee,NA,6/5/2015,8/7/2015,R3,QoI,PYRA,4,44.25,2573.99375,36.5,2688.31875,3.597312260588446,0.008606624748138142,45.86470328282816
12,2015,Milan,Tennessee,NA,6/5/2015,8/7/2015,R3,QoI+DMI,AZOX + DIFE,4,44.25,2573.99375,8.325,3557.525,2.1192630358665077,0.16544365368189148,45.86470328282816
12,2015,Milan,Tennessee,NA,6/5/2015,8/7/2015,R3,QoI+DMI+DMI,TFLX + PROT,4,44.25,2573.99375,11.175,3362.5,2.4136791404996325,0.09181709188840974,45.86470328282816
13,2016,TVREC,Alabama,Asgrow 5233 RR,06/20/2016,08/19/2016,R3,check,AACHECK,5,11.86,1464.705,11.86,1464.705,2.4731713935695794,0.0022840208172457094,1.6063472727272727
13,2016,TVREC,Alabama,Asgrow 5233 RR,06/20/2016,08/19/2016,R3,DMI,TTRA,5,11.86,1464.705,3.36,1612.655,1.2119409739751128,0.028457115800865806,1.6063472727272727
13,2016,TVREC,Alabama,Asgrow 5233 RR,06/20/2016,08/19/2016,R3,DMI+QoI+SDHI,PYRA + FLUX + PROP,5,11.86,1464.705,5.26,1487.5700000000002,1.6601310267496185,0.011611757237543357,1.6063472727272727
13,2016,TVREC,Alabama,Asgrow 5233 RR,06/20/2016,08/19/2016,R3,MBC,TMET + TEBU,5,11.86,1464.705,4.08,1506.4,1.4060969884160703,0.01929963562965293,1.6063472727272727
13,2016,TVREC,Alabama,Asgrow 5233 RR,06/20/2016,08/19/2016,R3,QoI,PYRA,5,11.86,1464.705,6.288,1530.6100000000001,1.8386430551269055,0.008125392892269823,1.6063472727272727
13,2016,TVREC,Alabama,Asgrow 5233 RR,06/20/2016,08/19/2016,R3,QoI+DMI,AZOX + DIFE,5,11.86,1464.705,4.5,1554.82,1.5040773967762742,0.01586515824915825,1.6063472727272727
13,2016,TVREC,Alabama,Asgrow 5233 RR,06/20/2016,08/19/2016,R3,QoI+DMI+DMI,TFLX + PROT,5,11.86,1464.705,2.84,1639.555,1.0438040521731147,0.03983205893491551,1.6063472727272727
14,2016,NRES,Arkansas,NA,NA,NA,R3,check,AACHECK,4,11.75,3048.10625,11.75,3048.10625,2.463853240590168,0.003200863318563639,1.7676767676767695
14,2016,NRES,Arkansas,NA,NA,NA,R3,DMI,TTRA,4,11.75,3048.10625,8,3581.0625,2.0794415416798357,0.006904987373737381,1.7676767676767695
14,2016,NRES,Arkansas,NA,NA,NA,R3,DMI+QoI+SDHI,PYRA + FLUX + PROP,4,11.75,3048.10625,8.5,3698.75,2.1400661634962708,0.0061165286078780955,1.7676767676767695
14,2016,NRES,Arkansas,NA,NA,NA,R3,MBC,TMET,4,11.75,3048.10625,6.75,3419.6625,1.9095425048844386,0.009699186653919174,1.7676767676767695
14,2016,NRES,Arkansas,NA,NA,NA,R3,MBC,TMET + TEBU,4,11.75,3048.10625,7.25,3461.69375,1.9810014688665833,0.008407499489544683,1.7676767676767695
14,2016,NRES,Arkansas,NA,NA,NA,R3,QoI,PYRA,4,11.75,3048.10625,12,3068.28125,2.4849066497880004,0.003068883277216614,1.7676767676767695
14,2016,NRES,Arkansas,NA,NA,NA,R3,QoI+DMI,AZOX + DIFE,4,11.75,3048.10625,7.5,3454.96875,2.0149030205422647,0.00785634118967453,1.7676767676767695
14,2016,NRES,Arkansas,NA,NA,NA,R3,QoI+DMI+DMI,TFLX + PROT,4,11.75,3048.10625,8.5,3320.46875,2.1400661634962708,0.0061165286078780955,1.7676767676767695
15,2016,Shawneetown,Illinois,S39-U2,6/13/2016,7/27/2016,R3,check,AACHECK,6,75,2574.554166666667,75,2574.554166666667,4.31748811353631,6.696595585484425e-4,22.601010101009933
15,2016,Shawneetown,Illinois,S39-U2,6/13/2016,7/27/2016,R3,DMI,TTRA,6,75,2574.554166666667,63.333333333333336,2992.625,4.148411783492376,9.391001427012437e-4,22.601010101009933
15,2016,Shawneetown,Illinois,S39-U2,6/13/2016,7/27/2016,R3,DMI+QoI+SDHI,PYRA + FLUX + PROP,6,75,2574.554166666667,70,2892.8708333333334,4.248495242049359,7.687418401704059e-4,22.601010101009933
15,2016,Shawneetown,Illinois,S39-U2,6/13/2016,7/27/2016,R3,MBC,TMET,6,75,2574.554166666667,65,2911.925,4.174387269895637,8.915585838662695e-4,22.601010101009933
15,2016,Shawneetown,Illinois,S39-U2,6/13/2016,7/27/2016,R3,MBC+DMI,TMET + TEBU,6,75,2574.554166666667,61.666666666666664,3035.2166666666667,4.121743536410215,9.905482878455778e-4,22.601010101009933
15,2016,Shawneetown,Illinois,S39-U2,6/13/2016,7/27/2016,R3,QoI,PYRA,6,75,2574.554166666667,73.33333333333333,2694.483333333333,4.295015257684252,7.004445279238616e-4,22.601010101009933
15,2016,Shawneetown,Illinois,S39-U2,6/13/2016,7/27/2016,R3,QoI+DMI,AZOX + DIFE,6,75,2574.554166666667,71.66666666666667,3097.9833333333336,4.272025739459553,7.334021666093e-4,22.601010101009933
15,2016,Shawneetown,Illinois,S39-U2,6/13/2016,7/27/2016,R3,QoI+DMI+DMI,TFLX + PROT,6,75,2574.554166666667,66.66666666666667,3111.4333333333334,4.199705077879927,8.475378787878723e-4,22.601010101009933
16,2016,Ames,Iowa,2616R2Y,05/22/16,7/26/2016,R3,check,AACHECK,4,34.575,4260.2875,34.575,4260.2875,3.543130877550822,0.014054148189519918,67.20303661616167
16,2016,Ames,Iowa,2616R2Y,05/22/16,7/26/2016,R3,DMI,TTRA,4,34.575,4260.2875,5.4,4751.2125,1.6863989535702288,0.5761577213319758,67.20303661616167
16,2016,Ames,Iowa,2616R2Y,05/22/16,7/26/2016,R3,DMI+QoI+SDHI,PYRA + FLUX + PROP,4,34.575,4260.2875,4.65,4924.38125,1.536867219599265,0.7770035451053493,67.20303661616167
16,2016,Ames,Iowa,2616R2Y,05/22/16,7/26/2016,R3,MBC,TMET,4,34.575,4260.2875,7.325,4821.825,1.991293154903131,0.31312204739093835,67.20303661616167
16,2016,Ames,Iowa,2616R2Y,05/22/16,7/26/2016,R3,MBC,TMET + TEBU,4,34.575,4260.2875,7.5,4670.5125,2.0149030205422647,0.2986801627384963,67.20303661616167
16,2016,Ames,Iowa,2616R2Y,05/22/16,7/26/2016,R3,QoI,PYRA,4,34.575,4260.2875,3.675,4855.450000000001,1.3015531326648,1.2439823520970277,67.20303661616167
16,2016,Ames,Iowa,2616R2Y,05/22/16,7/26/2016,R3,QoI+DMI,AZOX + DIFE,4,34.575,4260.2875,4.675,4631.84375,1.5422291627406504,0.7687155665436435,67.20303661616167
16,2016,Ames,Iowa,2616R2Y,05/22/16,7/26/2016,R3,QoI+DMI+DMI,TFLX + PROT,4,34.575,4260.2875,7.9,4487.25625,2.066862759472976,0.26919979416824896,67.20303661616167
17,2016,Princeton,Kentucky,NA,NA,7/26/2016,R3,check,AACHECK,4,39.6,3579.38125,39.6,3579.38125,3.6788291182604347,0.0015552309777707729,9.755404040404061
17,2016,Princeton,Kentucky,NA,NA,7/26/2016,R3,DMI,TTRA,4,39.6,3579.38125,20,3967.75,2.995732273553991,0.0060971275252525384,9.755404040404061
17,2016,Princeton,Kentucky,NA,NA,7/26/2016,R3,DMI+QoI+SDHI,PYRA + FLUX + PROP,4,39.6,3579.38125,25.4,4233.3875,3.2347491740244907,0.003780226626109826,9.755404040404061
17,2016,Princeton,Kentucky,NA,NA,7/26/2016,R3,MBC,TMET,4,39.6,3579.38125,17.925,4420.00625,2.886196386485684,0.007590439819100631,9.755404040404061
17,2016,Princeton,Kentucky,NA,NA,7/26/2016,R3,MBC+DMI,TMET + TEBU,4,39.6,3579.38125,17.475,4055.1749999999997,2.860771288119874,0.007986397113721878,9.755404040404061
17,2016,Princeton,Kentucky,NA,NA,7/26/2016,R3,QoI,PYRA,4,39.6,3579.38125,37.474999999999994,3584.425,3.6236740439886614,0.0017366087581454682,9.755404040404061
17,2016,Princeton,Kentucky,NA,NA,7/26/2016,R3,QoI+DMI,AZOX + DIFE,4,39.6,3579.38125,17.05,4436.81875,2.8361502037295256,0.008389508208911224,9.755404040404061
17,2016,Princeton,Kentucky,NA,NA,7/26/2016,R3,QoI+DMI+DMI,TFLX + PROT,4,39.6,3579.38125,16.675,NA,2.8139105918016876,0.008771090353237828,9.755404040404061
18,2016,Alexandria,Louisiana,NA,NA,NA,R3,check,AACHECK,4,4.3500000000000005,3258.2625,4.3500000000000005,3258.2625,1.4701758451005928,0.009116214997110753,0.690006313131313
18,2016,Alexandria,Louisiana,NA,NA,NA,R3,DMI,TTRA,4,4.3500000000000005,3258.2625,1.875,3476.825,0.6286086594223741,0.04906711560044892,0.690006313131313
18,2016,Alexandria,Louisiana,NA,NA,NA,R3,MBC,TMET,4,4.3500000000000005,3258.2625,2.1,3586.10625,0.7419373447293773,0.03911600414576604,0.690006313131313
18,2016,Alexandria,Louisiana,NA,NA,NA,R3,MBC,TMET + TEBU,4,4.3500000000000005,3258.2625,2.4,3508.76875,0.8754687373538999,0.029948190674102128,0.690006313131313
18,2016,Alexandria,Louisiana,NA,NA,NA,R3,QoI,PYRA,4,4.3500000000000005,3258.2625,4.5,3344.00625,1.5040773967762742,0.008518596458411272,0.690006313131313
18,2016,Alexandria,Louisiana,NA,NA,NA,R3,QoI+DMI,AZOX + DIFE,4,4.3500000000000005,3258.2625,2.05,3671.85,0.7178397931503168,0.041047371393891315,0.690006313131313
18,2016,Alexandria,Louisiana,NA,NA,NA,R3,QoI+DMI+DMI,TFLX + PROT,4,4.3500000000000005,3258.2625,2.7,3673.53125,0.9932517730102834,0.023662767940031307,0.690006313131313
19,2016,Winnsboro,Louisiana,NA,NA,NA,R3,check,AACHECK,4,6.65,2918.6499999999996,6.65,2918.6499999999996,1.8946168546677629,0.01727947117737381,3.056565656565654
19,2016,Winnsboro,Louisiana,NA,NA,NA,R3,DMI,TTRA,4,6.65,2918.6499999999996,2.675,3389.3999999999996,0.9839493803479697,0.10678891279817117,3.056565656565654
19,2016,Winnsboro,Louisiana,NA,NA,NA,R3,MBC,TMET,4,6.65,2918.6499999999996,3.8,3453.2875000000004,1.33500106673234,0.05291838048070731,3.056565656565654
19,2016,Winnsboro,Louisiana,NA,NA,NA,R3,MBC,TMET + TEBU,4,6.65,2918.6499999999996,3.55,3150.6625000000004,1.2669476034873244,0.06063411340142143,3.056565656565654
19,2016,Winnsboro,Louisiana,NA,NA,NA,R3,QoI,PYRA,4,6.65,2918.6499999999996,8.5,3123.7625,2.1400661634962708,0.010576351752822332,3.056565656565654
19,2016,Winnsboro,Louisiana,NA,NA,NA,R3,QoI+DMI,AZOX + DIFE,4,6.65,2918.6499999999996,1.6,3579.38125,0.47000362924573563,0.29849273989898956,3.056565656565654
19,2016,Winnsboro,Louisiana,NA,NA,NA,R3,QoI+DMI+DMI,TFLX + PROT,4,6.65,2918.6499999999996,2.7249999999999996,3175.8812500000004,1.0024684281152072,0.10290600644947916,3.056565656565654
20,2016,NA,Mississippi,NA,NA,NA,R3,check,AACHECK,4,60,4090.48125,60,4090.48125,4.0943445622221,0.0068129208754208696,98.10606060606052
20,2016,NA,Mississippi,NA,NA,NA,R3,DMI,TTRA,4,60,4090.48125,37.5,4423.36875,3.624340932976365,0.017441077441077427,98.10606060606052
20,2016,NA,Mississippi,NA,NA,NA,R3,DMI+QoI+SDHI,PYRA + FLUX + PROP,4,60,4090.48125,50,4287.1875,3.912023005428146,0.009810606060606053,98.10606060606052
20,2016,NA,Mississippi,NA,NA,NA,R3,MBC,TMET,4,60,4090.48125,47.5,4176.225,3.8607297110405954,0.01087047762948039,98.10606060606052
20,2016,NA,Mississippi,NA,NA,NA,R3,MBC+DMI,TMET + TEBU,4,60,4090.48125,55,4282.984375,4.006299058700441,0.008158368271789816,98.10606060606052
20,2016,NA,Mississippi,NA,NA,NA,R3,QoI,PYRA,4,60,4090.48125,67.5,4132.5125,4.212127597878484,0.005383048592925131,98.10606060606052
20,2016,NA,Mississippi,NA,NA,NA,R3,QoI+DMI,AZOX + DIFE,8,60,4090.48125,45,4224.140625,3.8066624897703196,0.006055929667040773,98.10606060606052
20,2016,NA,Mississippi,NA,NA,NA,R3,QoI+DMI+DMI,TFLX + PROT,4,60,4090.48125,60,NA,4.0943445622221,0.0068129208754208696,98.10606060606052
21,2016,Cotton Grove,Tennessee,NA,NA,NA,R3,check,AACHECK,4,14.25,3093.5,14.25,3093.5,2.6567569067146595,0.023363794210927772,18.977241847826082
21,2016,Cotton Grove,Tennessee,NA,NA,NA,R3,DMI,TTRA,4,14.25,3093.5,14,3238.0875,2.6390573296152584,0.024205665622227146,18.977241847826082
21,2016,Cotton Grove,Tennessee,NA,NA,NA,R3,DMI+QoI+SDHI,PYRA + FLUX + PROP,4,14.25,3093.5,10.5,3565.93125,2.3513752571634776,0.04303229443951492,18.977241847826082
21,2016,Cotton Grove,Tennessee,NA,NA,NA,R3,MBC,TMET,4,14.25,3093.5,9.5,3619.73125,2.2512917986064953,0.052568536974587486,18.977241847826082
21,2016,Cotton Grove,Tennessee,NA,NA,NA,R3,MBC+DMI,TMET + TEBU,4,14.25,3093.5,10.5,3604.6,2.3513752571634776,0.04303229443951492,18.977241847826082
21,2016,Cotton Grove,Tennessee,NA,NA,NA,R3,QoI,PYRA,4,14.25,3093.5,12.25,3364.18125,2.505525936990736,0.03161556326168444,18.977241847826082
21,2016,Cotton Grove,Tennessee,NA,NA,NA,R3,QoI+DMI,AZOX + DIFE,8,14.25,3093.5,8.625,3627.296875,2.1546649629174235,0.031887824991096124,18.977241847826082
21,2016,Cotton Grove,Tennessee,NA,NA,NA,R3,QoI+DMI+DMI,TFLX + PROT,4,14.25,3093.5,7.25,3565.93125,1.9810014688665833,0.0902603655069017,18.977241847826082
22,2016,Milan,Tennessee,NA,NA,NA,R3,check,AACHECK,4,8,2279.775,8,2279.775,2.0794415416798357,0.007373312245244568,1.8875679347826093
22,2016,Milan,Tennessee,NA,NA,NA,R3,DMI,TTRA,4,8,2279.775,4.625,2022.54375,1.5314763709643886,0.022060691714040723,1.8875679347826093
22,2016,Milan,Tennessee,NA,NA,NA,R3,DMI+QoI+SDHI,PYRA + FLUX + PROP,4,8,2279.775,4.75,2116.69375,1.55814461804655,0.020914880163796223,1.8875679347826093
22,2016,Milan,Tennessee,NA,NA,NA,R3,MBC,TMET,4,8,2279.775,2.75,2118.375,1.0116009116784799,0.06239893999281353,1.8875679347826093
22,2016,Milan,Tennessee,NA,NA,NA,R3,MBC+DMI,TMET + TEBU,4,8,2279.775,2.25,2382.33125,0.8109302162163288,0.09321323134728934,1.8875679347826093
22,2016,Milan,Tennessee,NA,NA,NA,R3,QoI,PYRA,4,8,2279.775,6.5,2116.69375,1.8718021769015913,0.011169041034216624,1.8875679347826093
22,2016,Milan,Tennessee,NA,NA,NA,R3,QoI+DMI,AZOX + DIFE,8,8,2279.775,4.0625,2162.928125,1.4017985476558559,0.014296372523797278,1.8875679347826093
22,2016,Milan,Tennessee,NA,NA,NA,R3,QoI+DMI+DMI,TFLX + PROT,4,8,2279.775,4.375,2062.89375,1.4759065198095778,0.02465394853593612,1.8875679347826093
23,2017,NRES,Arkansas,Armor 4744,NA,NA,R3,check,AACHECK,4,3.2,3698.75,3.2,3698.75,1.1631508098056809,0.001862076610331632,0.07627065795918367
23,2017,NRES,Arkansas,Armor 4744,NA,NA,R3,DMI,TTRA,4,3.2,3698.75,1.5,3967.75,0.4054651081081644,0.008474517551020407,0.07627065795918367
23,2017,NRES,Arkansas,Armor 4744,NA,NA,R3,DMI+QoI+SDHI,PYRA + FLUX + PROP,4,3.2,3698.75,1.2,3833.25,0.1823215567939546,0.013241433673469388,0.07627065795918367
23,2017,NRES,Arkansas,Armor 4744,NA,NA,R3,MBC,TMET,4,3.2,3698.75,1,4102.25,0,0.019067664489795917,0.07627065795918367
23,2017,NRES,Arkansas,Armor 4744,NA,NA,R3,MBC+DMI,TMET + TEBU,4,3.2,3698.75,1,3813.0750000000003,0,0.019067664489795917,0.07627065795918367
23,2017,NRES,Arkansas,Armor 4744,NA,NA,R3,QoI,PYRA,4,3.2,3698.75,2.7,3833.25,0.9932517730102834,0.0026155918367346933,0.07627065795918367
23,2017,NRES,Arkansas,Armor 4744,NA,NA,R3,QoI+DMI,AZOX + DIFE,4,3.2,3698.75,1,3698.75,0,0.019067664489795917,0.07627065795918367
24,2017,Princeton,Kentucky,NA,NA,7/22/2017,R3,check,AACHECK,4,45,1667.8,45,1667.8,3.8066624897703196,0.0014284340480831713,11.570315789473687
24,2017,Princeton,Kentucky,NA,NA,7/22/2017,R3,DMI,TTRA,4,45,1667.8,26.25,2225.975,3.2676659890376327,0.0041978469984485034,11.570315789473687
24,2017,Princeton,Kentucky,NA,NA,7/22/2017,R3,DMI+QoI+SDHI,PYRA + FLUX + PROP,4,45,1667.8,25.8,2170.49375,3.250374491927572,0.004345560584352536,11.570315789473687
24,2017,Princeton,Kentucky,NA,NA,7/22/2017,R3,MBC,TMET,4,45,1667.8,19.6,2706.8125,2.975529566236472,0.007529620333632916,11.570315789473687
24,2017,Princeton,Kentucky,NA,NA,7/22/2017,R3,MBC+DMI,TMET + TEBU,4,45,1667.8,16.65,2679.9125,2.8124102164264526,0.01043414206050527,11.570315789473687
24,2017,Princeton,Kentucky,NA,NA,7/22/2017,R3,QoI,PYRA,4,45,1667.8,45.85,1750.1812499999999,3.8253751987024738,0.0013759623195776951,11.570315789473687
24,2017,Princeton,Kentucky,NA,NA,7/22/2017,R3,QoI+DMI,AZOX + DIFE,4,45,1667.8,18.75,2296.5875,2.9311937524164198,0.008227780116959066,11.570315789473687
24,2017,Princeton,Kentucky,NA,NA,7/22/2017,R3,QoI+DMI+DMI,TFLX + PROT,4,45,1667.8,22.475,2229.3375,3.112403580357684,0.00572645457725179,11.570315789473687
25,2017,Quicksand,Kentucky,Armor 4744,NA,8/9/2017,R3,check,AACHECK,4,43.325,2548.775,43.325,2548.775,3.7687298356016696,0.0011434423125107993,8.585219298245615
25,2017,Quicksand,Kentucky,Armor 4744,NA,8/9/2017,R3,DMI,TTRA,4,43.325,2548.775,24.575,2568.95,3.20172966603323,0.003553893006438287,8.585219298245615
25,2017,Quicksand,Kentucky,Armor 4744,NA,8/9/2017,R3,DMI+QoI+SDHI,PYRA + FLUX + PROP,4,43.325,2548.775,25.4,2757.25,3.2347491740244907,0.0033267791316284392,8.585219298245615
25,2017,Quicksand,Kentucky,Armor 4744,NA,8/9/2017,R3,MBC,TMET,4,43.325,2548.775,16.25,2876.6187499999996,2.7880929087757464,0.008128018270528394,8.585219298245615
25,2017,Quicksand,Kentucky,Armor 4744,NA,8/9/2017,R3,MBC+DMI,TMET + TEBU,4,43.325,2548.775,16.25,2774.0625,2.7880929087757464,0.008128018270528394,8.585219298245615
25,2017,Quicksand,Kentucky,Armor 4744,NA,8/9/2017,R3,QoI,PYRA,4,43.325,2548.775,45.825,2353.75,3.824829793725769,0.0010220836817222967,8.585219298245615
25,2017,Quicksand,Kentucky,Armor 4744,NA,8/9/2017,R3,QoI+DMI,AZOX + DIFE,4,43.325,2548.775,17.5,2959,2.8622008809294686,0.007008342284282135,8.585219298245615
25,2017,Quicksand,Kentucky,Armor 4744,NA,8/9/2017,R3,QoI+DMI+DMI,TFLX + PROT,4,43.325,2548.775,17.5,2555.5,2.8622008809294686,0.007008342284282135,8.585219298245615
26,2017,Turtleback,Louisiana,AG 5831,6/13/2017,8/7/2017,R3,check,AACHECK,4,3.275,2758.93125,3.275,2758.93125,1.1863178690872151,0.016409876470478986,0.7040247252747247
26,2017,Turtleback,Louisiana,AG 5831,6/13/2017,8/7/2017,R3,DMI,TTRA,4,3.275,2758.93125,2.5,2982.5375,0.9162907318741551,0.02816098901098899,0.7040247252747247
26,2017,Turtleback,Louisiana,AG 5831,6/13/2017,8/7/2017,R3,DMI+QoI+SDHI,PYRA + FLUX + PROP,4,3.275,2758.93125,2.5,2967.40625,0.9162907318741551,0.02816098901098899,0.7040247252747247
26,2017,Turtleback,Louisiana,AG 5831,6/13/2017,8/7/2017,R3,MBC,TMET,4,3.275,2758.93125,1.75,2935.4625,0.5596157879354227,0.05747140614487549,0.7040247252747247
26,2017,Turtleback,Louisiana,AG 5831,6/13/2017,8/7/2017,R3,MBC+DMI,TMET + TEBU,4,3.275,2758.93125,1.75,3224.6375,0.5596157879354227,0.05747140614487549,0.7040247252747247
26,2017,Turtleback,Louisiana,AG 5831,6/13/2017,8/7/2017,R3,QoI,PYRA,4,3.275,2758.93125,1.75,2984.21875,0.5596157879354227,0.05747140614487549,0.7040247252747247
26,2017,Turtleback,Louisiana,AG 5831,6/13/2017,8/7/2017,R3,QoI+DMI,AZOX + DIFE,4,3.275,2758.93125,2,2760.6124999999997,0.6931471805599453,0.044001545329670294,0.7040247252747247
26,2017,Turtleback,Louisiana,AG 5831,6/13/2017,8/7/2017,R3,QoI+DMI+DMI,TFLX + PROT,4,3.275,2758.93125,1.75,3209.50625,0.5596157879354227,0.05747140614487549,0.7040247252747247
27,2018,NRES,Arkansas,NA,NA,NA,R3,check,AACHECK,4,6,2824.5,6,2824.5,1.791759469228055,0.00799270456621365,1.1509494575347656
27,2018,NRES,Arkansas,NA,NA,NA,R3,DMI,TTRA,4,6,2824.5,5,2925.375,1.6094379124341003,0.011509494575347657,1.1509494575347656
27,2018,NRES,Arkansas,NA,NA,NA,R3,DMI+QoI+SDHI,PYRA + FLUX + PROP,4,6,2824.5,6,2959,1.791759469228055,0.00799270456621365,1.1509494575347656
27,2018,NRES,Arkansas,NA,NA,NA,R3,DMI+SDHI,DIFE + PYDI,4,6,2824.5,4,3412.9375,1.3862943611198906,0.017983585273980713,1.1509494575347656
27,2018,NRES,Arkansas,NA,NA,NA,R3,MBC,TMET,4,6,2824.5,5.3,3046.4249999999997,1.667706820558076,0.01024340919842262,1.1509494575347656
27,2018,NRES,Arkansas,NA,NA,NA,R3,MBC+DMI,TMET + TEBU,4,6,2824.5,4.8,3073.3250000000003,1.5686159179138452,0.01248860088470883,1.1509494575347656
27,2018,NRES,Arkansas,NA,NA,NA,R3,QoI,PYRA,4,6,2824.5,7.8,2690,2.0541237336955462,0.004729410985925237,1.1509494575347656
27,2018,NRES,Arkansas,NA,NA,NA,R3,QoI+DMI,AZOX + DIFE,4,6,2824.5,5.3,3362.5,1.667706820558076,0.01024340919842262,1.1509494575347656
28,2018,Ames,Iowa,AG2733,05/17/2018,7/24/2018,R3,check,AACHECK,4,4.725,3616.36875,4.725,3616.36875,1.552867560945706,0.025849455364119922,2.3084209876543187
28,2018,Ames,Iowa,AG2733,05/17/2018,7/24/2018,R3,DMI,TTRA,4,4.725,3616.36875,0.925,3349.05,-0.0779615414697118,0.6744838532225912,2.3084209876543187
28,2018,Ames,Iowa,AG2733,05/17/2018,7/24/2018,R3,DMI+QoI+SDHI,PYRA + FLUX + PROP,4,4.725,3616.36875,2.5,3569.29375,0.9162907318741551,0.09233683950617275,2.3084209876543187
28,2018,Ames,Iowa,AG2733,05/17/2018,7/24/2018,R3,DMI+SDHI,DIFE + PYDI,4,4.725,3616.36875,1.0875,4104.771875,-0.08866700764145774,1.2570583881312056,2.3084209876543187
28,2018,Ames,Iowa,AG2733,05/17/2018,7/24/2018,R3,MBC,TMET,4,4.725,3616.36875,1.5,3621.4125,0.4054651081081644,0.2564912208504799,2.3084209876543187
28,2018,Ames,Iowa,AG2733,05/17/2018,7/24/2018,R3,MBC+DMI,TMET + TEBU,4,4.725,3616.36875,2.075,3545.75625,0.7299611536826617,0.13403518581241505,2.3084209876543187
28,2018,Ames,Iowa,AG2733,05/17/2018,7/24/2018,R3,QoI,PYRA,4,4.725,3616.36875,3.875,3740.78125,1.3545456628053103,0.03843364807749126,2.3084209876543187
28,2018,Ames,Iowa,AG2733,05/17/2018,7/24/2018,R3,QoI+DMI,AZOX + DIFE,4,4.725,3616.36875,0.8500000000000001,4100.5687499999995,-0.1625189294977748,0.7987615874236396,2.3084209876543187
29,2018,Princeton,Kentucky,Armor 4744,06/06/2018,08/02/2018,R3,check,AACHECK,4,50,1837.60625,50,1837.60625,3.912023005428146,8.334636752136741e-4,8.334636752136742
29,2018,Princeton,Kentucky,Armor 4744,06/06/2018,08/02/2018,R3,DMI,TTRA,4,50,1837.60625,33.775,2417.6375,3.5197208838462624,0.0018265685263456994,8.334636752136742
29,2018,Princeton,Kentucky,Armor 4744,06/06/2018,08/02/2018,R3,DMI+QoI+SDHI,PYRA + FLUX + PROP,4,50,1837.60625,32.525,2837.95,3.482009024398569,0.0019696636719786277,8.334636752136742
29,2018,Princeton,Kentucky,Armor 4744,06/06/2018,08/02/2018,R3,DMI+SDHI,DIFE + PYDI,4,50,1837.60625,20.012500000000003,2826.1812499999996,2.985653240825571,0.005545246202998429,8.334636752136742
29,2018,Princeton,Kentucky,Armor 4744,06/06/2018,08/02/2018,R3,MBC,TMET,4,50,1837.60625,27.1,3769.3625,3.299533727885655,0.002837187930494118,8.334636752136742
29,2018,Princeton,Kentucky,Armor 4744,06/06/2018,08/02/2018,R3,MBC+DMI,TMET + TEBU,4,50,1837.60625,23.75,3565.93125,3.1675825304806504,0.00369402182920188,8.334636752136742
29,2018,Princeton,Kentucky,Armor 4744,06/06/2018,08/02/2018,R3,QoI,PYRA,4,50,1837.60625,50,2096.51875,3.912023005428146,8.334636752136741e-4,8.334636752136742
29,2018,Princeton,Kentucky,Armor 4744,06/06/2018,08/02/2018,R3,QoI+DMI,AZOX + DIFE,4,50,1837.60625,26.675,NA,3.2837267971878172,0.0029283152501734283,8.334636752136742
30,2018,Quicksand,Kentucky,Armor 4744,NA,07/08/2018,R3,check,AACHECK,4,34.575,1731.6875,34.575,1731.6875,3.543130877550822,9.109699349518081e-4,4.356005434782598
30,2018,Quicksand,Kentucky,Armor 4744,NA,07/08/2018,R3,DMI,TTRA,4,34.575,1731.6875,21.65,2076.34375,3.075005454448499,0.0023233392011171848,4.356005434782598
30,2018,Quicksand,Kentucky,Armor 4744,NA,07/08/2018,R3,DMI+QoI+SDHI,PYRA + FLUX + PROP,4,34.575,1731.6875,22.5,2341.9812500000003,3.1135153092103742,0.0021511137949543693,4.356005434782598
30,2018,Quicksand,Kentucky,Armor 4744,NA,07/08/2018,R3,DMI+SDHI,DIFE + PYDI,4,34.575,1731.6875,14.15,2147.796875,2.649714624089247,0.005438955954978334,4.356005434782598
30,2018,Quicksand,Kentucky,Armor 4744,NA,07/08/2018,R3,MBC,TMET,4,34.575,1731.6875,17.075,1977.15,2.837615405456854,0.00373514096562414,4.356005434782598
30,2018,Quicksand,Kentucky,Armor 4744,NA,07/08/2018,R3,MBC+DMI,TMET + TEBU,4,34.575,1731.6875,15.85,2121.7375,2.7631695003232895,0.00433480822257421,4.356005434782598
30,2018,Quicksand,Kentucky,Armor 4744,NA,07/08/2018,R3,QoI,PYRA,4,34.575,1731.6875,34.6,1619.04375,3.543853682063679,9.096539799990389e-4,4.356005434782598
30,2018,Quicksand,Kentucky,Armor 4744,NA,07/08/2018,R3,QoI+DMI,AZOX + DIFE,4,34.575,1731.6875,16.65,1906.5375000000001,2.8124102164264526,0.0039282574780028666,4.356005434782598
31,2018,DLSB1804,Louisiana,AG 4934,6/7/2018,8/9/2018,R3,check,AACHECK,4,4.15,3212.86875,4.15,3212.86875,1.423108334242607,0.010175191171969177,0.7009689198369567
31,2018,DLSB1804,Louisiana,AG 4934,6/7/2018,8/9/2018,R3,DMI,TTRA,4,4.15,3212.86875,2.6,3634.8625,0.9555114450274363,0.02592340679870402,0.7009689198369567
31,2018,DLSB1804,Louisiana,AG 4934,6/7/2018,8/9/2018,R3,DMI+QoI+SDHI,PYRA + FLUX + PROP,4,4.15,3212.86875,4.325,3586.10625,1.4644121403838426,0.00936842420177028,0.7009689198369567
31,2018,DLSB1804,Louisiana,AG 4934,6/7/2018,8/9/2018,R3,DMI+SDHI,DIFE + PYDI,4,4.15,3212.86875,3.575,3528.103125,1.2734697965896975,0.013752355691420401,0.7009689198369567
31,2018,DLSB1804,Louisiana,AG 4934,6/7/2018,8/9/2018,R3,MBC,TMET,4,4.15,3212.86875,2.9875,3539.03125,1.094436917257629,0.019634640005236795,0.7009689198369567
31,2018,DLSB1804,Louisiana,AG 4934,6/7/2018,8/9/2018,R3,MBC+DMI,TMET + TEBU,4,4.15,3212.86875,3.15,3539.03125,1.1474024528375417,0.017661096493750486,0.7009689198369567
31,2018,DLSB1804,Louisiana,AG 4934,6/7/2018,8/9/2018,R3,QoI,PYRA,4,4.15,3212.86875,3.975,3567.6125,1.3800247481062953,0.011090841657164776,0.7009689198369567
31,2018,DLSB1804,Louisiana,AG 4934,6/7/2018,8/9/2018,R3,QoI+DMI,AZOX + DIFE,4,4.15,3212.86875,3.4450000000000003,3841.65625,1.236923904465622,0.014765913448888014,0.7009689198369567
32,2019,DLSB1902,Louisiana,AsGrow 4934,5/28/2019,7/26/2019,R3,check,AACHECK,4,63.75,3981.2,63.75,3981.2,4.154969184038536,0.005586834268436522,90.82097457627121
32,2019,DLSB1902,Louisiana,AsGrow 4934,5/28/2019,7/26/2019,R3,DMI,TTRA,4,63.75,3981.2,51.25,4058.5375,3.9367156180185177,0.008644471107795,90.82097457627121
32,2019,DLSB1902,Louisiana,AsGrow 4934,5/28/2019,7/26/2019,R3,DMI+QoI+SDHI,PYRA + FLUX + PROP,4,63.75,3981.2,43.75,4181.26875,3.7784916128036232,0.01186233137322726,90.82097457627121
32,2019,DLSB1902,Louisiana,AsGrow 4934,5/28/2019,7/26/2019,R3,DMI+SDHI,DIFE + PYDI,4,63.75,3981.2,36.25,4145.121875000001,3.5898444972328893,0.017340421903224573,90.82097457627121
32,2019,DLSB1902,Louisiana,AsGrow 4934,5/28/2019,7/26/2019,R3,MBC,TMET,4,63.75,3981.2,48.75,3898.81875,3.886705197443856,0.009553817180935828,90.82097457627121
32,2019,DLSB1902,Louisiana,AsGrow 4934,5/28/2019,7/26/2019,R3,MBC+DMI,TMET + TEBU,4,63.75,3981.2,50,4122.425,3.912023005428146,0.009082097457627121,90.82097457627121
32,2019,DLSB1902,Louisiana,AsGrow 4934,5/28/2019,7/26/2019,R3,QoI,PYRA,4,63.75,3981.2,62.5,4065.2625000000003,4.135166556742356,0.005812542372881357,90.82097457627121
32,2019,DLSB1902,Louisiana,AsGrow 4934,5/28/2019,7/26/2019,R3,QoI+DMI,AZOX + DIFE,4,63.75,3981.2,43.75,4174.54375,3.7784916128036232,0.01186233137322726,90.82097457627121
33,2019,NESB1902,Louisiana,AsGrow 4934,5/29/2019,7/24/2019,R3,check,AACHECK,4,28.75,2629.475,28.75,2629.475,3.3586377672433594,0.013103722405562167,43.32418220338992
33,2019,NESB1902,Louisiana,AsGrow 4934,5/29/2019,7/24/2019,R3,DMI,TTRA,4,28.75,2629.475,12.5,2521.875,2.5257286443082556,0.06931869152542387,43.32418220338992
33,2019,NESB1902,Louisiana,AsGrow 4934,5/29/2019,7/24/2019,R3,DMI+QoI+SDHI,PYRA + FLUX + PROP,4,28.75,2629.475,12.5,2955.6375,2.5257286443082556,0.06931869152542387,43.32418220338992
33,2019,NESB1902,Louisiana,AsGrow 4934,5/29/2019,7/24/2019,R3,DMI+SDHI,DIFE + PYDI,4,28.75,2629.475,7.5,3085.09375,2.0008175820589167,0.20937074175025985,43.32418220338992
33,2019,NESB1902,Louisiana,AsGrow 4934,5/29/2019,7/24/2019,R3,MBC,TMET,4,28.75,2629.475,17.5,3301.975,2.8622008809294686,0.035366679349706054,43.32418220338992
33,2019,NESB1902,Louisiana,AsGrow 4934,5/29/2019,7/24/2019,R3,MBC+DMI,TMET + TEBU,4,28.75,2629.475,9.475,2241.10625,2.24865675096849,0.12064572706508565,43.32418220338992
33,2019,NESB1902,Louisiana,AsGrow 4934,5/29/2019,7/24/2019,R3,QoI,PYRA,4,28.75,2629.475,27.5,2550.45625,3.3141860046725258,0.014322043703599973,43.32418220338992
33,2019,NESB1902,Louisiana,AsGrow 4934,5/29/2019,7/24/2019,R3,QoI+DMI,AZOX + DIFE,4,28.75,2629.475,12.5,3338.9625,2.5257286443082556,0.06931869152542387,43.32418220338992
34,2017,Ames,Iowa,AG2733,5/30/2017,6/27/17,R3,check,AACHECK,4,0.7,4942.875,0.7,4942.875,-0.35667494393873245,0.13695442113560174,0.26843066542577937
34,2017,Ames,Iowa,AG2733,5/30/2017,6/27/17,R3,MBC,TMET,4,0.7,4942.875,0.075,4337.625,-2.5902671654458267,11.930251796701306,0.26843066542577937
34,2017,Ames,Iowa,AG2733,5/30/2017,6/27/17,R3,MBC,TMET + TEBU,4,0.7,4942.875,0.075,4320.8125,-2.5902671654458267,11.930251796701306,0.26843066542577937
34,2017,Ames,Iowa,AG2733,5/30/2017,6/27/17,R3,QoI,PYRA,4,0.7,4942.875,0.05,4623.4375,-2.995732273553991,26.843066542577933,0.26843066542577937
34,2017,Ames,Iowa,AG2733,5/30/2017,6/27/17,R3,QoI+DMI,AZOX + DIFE,4,0.7,4942.875,0.025,4539.375,-3.6888794541139363,107.37226617031173,0.26843066542577937
34,2017,Ames,Iowa,AG2733,5/30/2017,6/27/17,R3,QoI+DMI+DMI,TFLX + PROT,4,0.7,4942.875,0.15000000000000002,4505.75,-1.897119984885881,2.9825629491753256,0.26843066542577937
35,2017,Stoneville,Mississippi,NA,NA,NA,R3,check,AACHECK,4,50,2923.861875,50,2923.861875,3.912023005428146,0.005086996336996336,50.869963369963365
35,2017,Stoneville,Mississippi,NA,NA,NA,R3,DMI,TTRA,4,50,2923.861875,25,3291.55125,3.2188758248682006,0.020347985347985344,50.869963369963365
35,2017,Stoneville,Mississippi,NA,NA,NA,R3,DMI+QoI+SDHI,PYRA + FLUX + PROP,4,50,2923.861875,35,3496.495625,3.5553480614894135,0.010381625177543544,50.869963369963365
35,2017,Stoneville,Mississippi,NA,NA,NA,R3,MBC,TMET,4,50,2923.861875,35,3295.9224999999997,3.5553480614894135,0.010381625177543544,50.869963369963365
35,2017,Stoneville,Mississippi,NA,NA,NA,R3,MBC+DMI,TMET + TEBU,4,50,2923.861875,32.5,3453.2875,3.481240089335692,0.012040228016559377,50.869963369963365
35,2017,Stoneville,Mississippi,NA,NA,NA,R3,QoI,PYRA,4,50,2923.861875,42.5,3162.7675,3.7495040759303713,0.007040825379925725,50.869963369963365
35,2017,Stoneville,Mississippi,NA,NA,NA,R3,QoI+DMI,AZOX + DIFE,4,50,2923.861875,27.5,3464.551875,3.3141860046725258,0.016816516816516816,50.869963369963365
35,2017,Stoneville,Mississippi,NA,NA,NA,R3,QoI+DMI+DMI,TFLX + PROT,4,50,2923.861875,27.5,3592.1587499999996,3.3141860046725258,0.016816516816516816,50.869963369963365
36,2017,TVREC,Alabama,Asgrow 5233 RR,06/28/2017,08/23/2017,R3,check,AACHECK,4,6,4130.83125,6,4130.83125,1.791759469228055,0.014178240740740748,2.041666666666668
36,2017,TVREC,Alabama,Asgrow 5233 RR,06/28/2017,08/23/2017,R3,DMI,TTRA,4,6,4130.83125,4,4315.76875,1.3862943611198906,0.031901041666666685,2.041666666666668
36,2017,TVREC,Alabama,Asgrow 5233 RR,06/28/2017,08/23/2017,R3,DMI+QoI+SDHI,PYRA + FLUX + PROP,4,6,4130.83125,3.75,4206.4875,1.3217558399823195,0.03629629629629632,2.041666666666668
36,2017,TVREC,Alabama,Asgrow 5233 RR,06/28/2017,08/23/2017,R3,MBC,TMET,4,6,4130.83125,4.5,4332.58125,1.5040773967762742,0.02520576131687244,2.041666666666668
36,2017,TVREC,Alabama,Asgrow 5233 RR,06/28/2017,08/23/2017,R3,MBC+DMI,TMET + TEBU,4,6,4130.83125,3.25,4230.025,1.1786549963416462,0.0483234714003945,2.041666666666668
36,2017,TVREC,Alabama,Asgrow 5233 RR,06/28/2017,08/23/2017,R3,QoI,PYRA,4,6,4130.83125,4.5,4097.20625,1.5040773967762742,0.02520576131687244,2.041666666666668
36,2017,TVREC,Alabama,Asgrow 5233 RR,06/28/2017,08/23/2017,R3,QoI+DMI,AZOX + DIFE,4,6,4130.83125,4.5,4414.9625000000005,1.5040773967762742,0.02520576131687244,2.041666666666668
36,2017,TVREC,Alabama,Asgrow 5233 RR,06/28/2017,08/23/2017,R3,QoI+DMI+DMI,TFLX + PROT,4,6,4130.83125,4.75,4298.95625,1.55814461804655,0.02262234533702679,2.041666666666668
37,2019,TVREC,Alabama,AG 52X9,06/14/2019,NA,R3,check,AACHECK,4,3.1325,1175.19375,3.1325,1175.19375,1.1418314077880862,0.11592325933489322,4.550014011627908
37,2019,TVREC,Alabama,AG 52X9,06/14/2019,NA,R3,DMI,TTRA,4,3.1325,1175.19375,4.55,1289.5187500000002,1.5151272329628591,0.05494522414717919,4.550014011627908
37,2019,TVREC,Alabama,AG 52X9,06/14/2019,NA,R3,DMI+QoI+SDHI,PYRA + FLUX + PROP,4,3.1325,1175.19375,5.532500000000001,1383.66875,1.710639792943068,0.037162925739333975,4.550014011627908
37,2019,TVREC,Alabama,AG 52X9,06/14/2019,NA,R3,DMI+SDHI,DIFE + PYDI,4,3.1325,1175.19375,5.2837499999999995,1299.6062499999998,1.6584955787295272,0.04226727114604237,4.550014011627908
37,2019,TVREC,Alabama,AG 52X9,06/14/2019,NA,R3,MBC,TMET,4,3.1325,1175.19375,7.7675,1274.3875,2.0499483622850656,0.018853423316901173,4.550014011627908
37,2019,TVREC,Alabama,AG 52X9,06/14/2019,NA,R3,MBC+DMI,TMET + TEBU,4,3.1325,1175.19375,3.5749999999999997,1318.1000000000001,1.273965176145971,0.08900218126319935,4.550014011627908
37,2019,TVREC,Alabama,AG 52X9,06/14/2019,NA,R3,QoI,PYRA,4,3.1325,1175.19375,4.6,1235.71875,1.5260563034950492,0.05375725439068891,4.550014011627908
37,2019,TVREC,Alabama,AG 52X9,06/14/2019,NA,R3,QoI+DMI,AZOX + DIFE,4,3.1325,1175.19375,4.9,1318.1,1.589235205116581,0.047376239188128985,4.550014011627908
39,2019,Ames,Iowa,AG2733,06/03/2019,08/07/2019,R3,check,AACHECK,4,19.875,4527.606250000001,19.875,4527.606250000001,2.9894626605403958,0.006633339198443978,10.481090517241388
39,2019,Ames,Iowa,AG2733,06/03/2019,08/07/2019,R3,DMI,TTRA,4,19.875,4527.606250000001,1.1,5072.33125,0.09531017980432493,2.1655145696779723,10.481090517241388
39,2019,Ames,Iowa,AG2733,06/03/2019,08/07/2019,R3,DMI+QoI+SDHI,PYRA + FLUX + PROP,4,19.875,4527.606250000001,5.575,4685.64375,1.7182923173461826,0.08430566081957318,10.481090517241388
39,2019,Ames,Iowa,AG2733,06/03/2019,08/07/2019,R3,DMI+SDHI,DIFE + PYDI,4,19.875,4527.606250000001,1.2625,5191.7,-0.16773636814406473,12.674346738063457,10.481090517241388
39,2019,Ames,Iowa,AG2733,06/03/2019,08/07/2019,R3,MBC,TMET,4,19.875,4527.606250000001,6.85,5174.8875,1.9242486522741338,0.05584256229549464,10.481090517241388
39,2019,Ames,Iowa,AG2733,06/03/2019,08/07/2019,R3,MBC+DMI,TMET + TEBU,4,19.875,4527.606250000001,12.05,4951.28125,2.489064659936664,0.018045644044078765,10.481090517241388
39,2019,Ames,Iowa,AG2733,06/03/2019,08/07/2019,R3,QoI,PYRA,4,19.875,4527.606250000001,19.125,4951.28125,2.9509963797125995,0.007163802310045803,10.481090517241388
39,2019,Ames,Iowa,AG2733,06/03/2019,08/07/2019,R3,QoI+DMI,AZOX + DIFE,4,19.875,4527.606250000001,2.8,4931.106250000001,1.0296194171811581,0.33421844761611574,10.481090517241388
40,2019,Quicksand,Kentucky,NK S48-R2X,05/18/2019,7/16/2019,R3,check,AACHECK,4,13.15,3574.3375,13.15,3574.3375,2.5764217586237734,0.002737156763672174,1.893263961864406
40,2019,Quicksand,Kentucky,NK S48-R2X,05/18/2019,7/16/2019,R3,DMI,TTRA,4,13.15,3574.3375,9.75,4411.93625,2.277267285009756,0.004978997927322567,1.893263961864406
40,2019,Quicksand,Kentucky,NK S48-R2X,05/18/2019,7/16/2019,R3,DMI+QoI+SDHI,PYRA + FLUX + PROP,4,13.15,3574.3375,10.75,3931.603125,2.3749057545736716,0.004095757624368645,1.893263961864406
40,2019,Quicksand,Kentucky,NK S48-R2X,05/18/2019,7/16/2019,R3,DMI+SDHI,DIFE + PYDI,4,13.15,3574.3375,7,4378.815625,1.9456237787977368,0.009676118282456668,1.893263961864406
40,2019,Quicksand,Kentucky,NK S48-R2X,05/18/2019,7/16/2019,R3,MBC,TMET,4,13.15,3574.3375,7.9175,4121.584375,2.069075499430658,0.007550488193296679,1.893263961864406
40,2019,Quicksand,Kentucky,NK S48-R2X,05/18/2019,7/16/2019,R3,MBC+DMI,TMET + TEBU,4,13.15,3574.3375,8.25,4214.389375,2.1102132003465894,0.006954137600971189,1.893263961864406
40,2019,Quicksand,Kentucky,NK S48-R2X,05/18/2019,7/16/2019,R3,QoI,PYRA,4,13.15,3574.3375,13.9975,3968.08625,2.6388787422409115,0.002415740189699001,1.893263961864406
40,2019,Quicksand,Kentucky,NK S48-R2X,05/18/2019,7/16/2019,R3,QoI+DMI,AZOX + DIFE,4,13.15,3574.3375,8.585,4129.990625,2.150016494349439,0.006422004091004056,1.893263961864406
41,2019,Union County,Kentucky,NA,NA,8/14/2019,R3,check,AACHECK,4,15,2713.5375,15,2713.5375,2.70805020110221,0.0019928229755178917,1.7935406779661025
41,2019,Union County,Kentucky,NA,NA,8/14/2019,R3,DMI,TTRA,4,15,2713.5375,10.5,2821.47375,2.3513752571634776,0.004066985664322228,1.7935406779661025
41,2019,Union County,Kentucky,NA,NA,8/14/2019,R3,DMI+QoI+SDHI,PYRA + FLUX + PROP,4,15,2713.5375,9.915,2459.1643750000003,2.294048761971759,0.004561060181400967,1.7935406779661025
41,2019,Union County,Kentucky,NA,NA,8/14/2019,R3,DMI+SDHI,DIFE + PYDI,4,15,2713.5375,5.04125,2926.215625,1.6176164084464708,0.01764708173363974,1.7935406779661025
41,2019,Union County,Kentucky,NA,NA,8/14/2019,R3,MBC,TMET,4,15,2713.5375,8.085,3141.0793750000003,2.0900104930290704,0.006859479953317974,1.7935406779661025
41,2019,Union County,Kentucky,NA,NA,8/14/2019,R3,MBC+DMI,TMET + TEBU,4,15,2713.5375,8.0025,2731.526875,2.079753992861881,0.007001641563573796,1.7935406779661025
41,2019,Union County,Kentucky,NA,NA,8/14/2019,R3,QoI,PYRA,4,15,2713.5375,15,2696.725,2.70805020110221,0.0019928229755178917,1.7935406779661025
41,2019,Union County,Kentucky,NA,NA,8/14/2019,R3,QoI+DMI,AZOX + DIFE,4,15,2713.5375,8.085,2457.4831249999997,2.0900104930290704,0.006859479953317974,1.7935406779661025
50,2020,Belleville,Illinois,NA,NA,NA,R3,check,AACHECK,4,2.65,2437.8125,2.65,2437.8125,0.9745596399981308,0.05294621784475827,1.4872592592592597
50,2020,Belleville,Illinois,NA,NA,NA,R3,DMI,TTRA,4,2.65,2437.8125,5.25,3083.4125,1.6582280766035324,0.01348987990257832,1.4872592592592597
50,2020,Belleville,Illinois,NA,NA,NA,R3,DMI+QoI+SDHI,PYRA + FLUX + PROP,4,2.65,2437.8125,2.95,1765.3125,1.0818051703517284,0.042725057720748624,1.4872592592592597
50,2020,Belleville,Illinois,NA,NA,NA,R3,DMI+SDHI,DIFE + PYDI,4,2.65,2437.8125,3.15,1876.275,1.1474024528375417,0.037471888618273115,1.4872592592592597
50,2020,Belleville,Illinois,NA,NA,NA,R3,MBC,TMET,4,2.65,2437.8125,4.025,2382.33125,1.3925249108705269,0.022950646337089764,1.4872592592592597
50,2020,Belleville,Illinois,NA,NA,NA,R3,QoI,PYRA,4,2.65,2437.8125,5.525,3254.9,1.7092832474038167,0.012180416119729403,1.4872592592592597
52,2020,Union County,Kentucky,NA,NA,8/10/2020,R3,check,AACHECK,4,13.35,4922.7,13.35,4922.7,2.5915163848462583,0.004324546460079294,3.0829259259259283
52,2020,Union County,Kentucky,NA,NA,8/10/2020,R3,DMI,TTRA,4,13.35,4922.7,7.1,4890.75625,1.9600947840472698,0.015289257716355528,3.0829259259259283
52,2020,Union County,Kentucky,NA,NA,8/10/2020,R3,DMI+QoI+SDHI,PYRA + FLUX + PROP,4,13.35,4922.7,7.975,4909.25,2.076311648670908,0.012118300433077224,3.0829259259259283
52,2020,Union County,Kentucky,NA,NA,8/10/2020,R3,DMI+SDHI,DIFE + PYDI,4,13.35,4922.7,1.75,5132.85625,0.5596157879354227,0.2516674225245656,3.0829259259259283
52,2020,Union County,Kentucky,NA,NA,8/10/2020,R3,MBC,TMET,4,13.35,4922.7,4.6,4858.8125,1.5260563034950492,0.03642398305678082,3.0829259259259283
52,2020,Union County,Kentucky,NA,NA,8/10/2020,R3,QoI,PYRA,4,13.35,4922.7,17.475,4919.3375,2.860771288119874,0.002523880160643083,3.0829259259259283
53,2020,Princeton,Kentucky,NA,NA,NA,R3,check,AACHECK,4,0.675,4221.61875,0.675,4221.61875,-0.3930425881096072,0.13686446302933752,0.24943548387096767
53,2020,Princeton,Kentucky,NA,NA,NA,R3,DMI+QoI+SDHI,PYRA + FLUX + PROP,4,0.675,4221.61875,0.35,4480.53125,-1.0498221244986778,0.5090520078999341,0.24943548387096767
53,2020,Princeton,Kentucky,NA,NA,NA,R3,DMI+SDHI,DIFE + PYDI,4,0.675,4221.61875,0.46249999999999997,4789.88125,-0.8016036813417322,0.348830534714038,0.24943548387096767
53,2020,Princeton,Kentucky,NA,NA,NA,R3,MBC+DMI,TMET + TEBU,4,0.675,4221.61875,0.075,NA,-2.5902671654458267,11.086021505376342,0.24943548387096767
53,2020,Princeton,Kentucky,NA,NA,NA,R3,QoI,PYRA,4,0.675,4221.61875,0.175,4643.6125,-1.742969305058623,2.0362080315997364,0.24943548387096767
53,2020,Princeton,Kentucky,NA,NA,NA,R3,QoI+DMI,AZOX + DIFE,4,0.675,4221.61875,0.425,4878.9875,-0.8556661100577202,0.34523942404286184,0.24943548387096767
54,2020,Quicksand,Kentucky,Progeny 4291,NA,7/22/2020,R3,check,AACHECK,4,28.775,3503.556875,28.775,3503.556875,3.359506954607946,0.0031602222146867656,10.466663875598103
54,2020,Quicksand,Kentucky,Progeny 4291,NA,7/22/2020,R3,DMI,TTRA,4,28.775,3503.556875,20.425,4675.3881249999995,3.0167596407460664,0.006272261490809948,10.466663875598103
54,2020,Quicksand,Kentucky,Progeny 4291,NA,7/22/2020,R3,DMI+QoI+SDHI,PYRA + FLUX + PROP,4,28.775,3503.556875,25.825,4405.715625,3.2513430150057023,0.003923445514141034,10.466663875598103
54,2020,Quicksand,Kentucky,Progeny 4291,NA,7/22/2020,R3,DMI+SDHI,DIFE + PYDI,4,28.775,3503.556875,13.3375,4678.078125,2.57817884922094,0.015836246070783957,10.466663875598103
54,2020,Quicksand,Kentucky,Progeny 4291,NA,7/22/2020,R3,MBC,TMET,4,28.775,3503.556875,9.15,NA,2.21375387928743,0.031254035282027234,10.466663875598103
54,2020,Quicksand,Kentucky,Progeny 4291,NA,7/22/2020,R3,MBC+DMI,TMET + TEBU,4,28.775,3503.556875,9.575,4618.39375,2.2591555350667094,0.028541100902175633,10.466663875598103
54,2020,Quicksand,Kentucky,Progeny 4291,NA,7/22/2020,R3,QoI,PYRA,4,28.775,3503.556875,30,3802.9875,3.4011973816621555,0.0029074066321105843,10.466663875598103
54,2020,Quicksand,Kentucky,Progeny 4291,NA,7/22/2020,R3,QoI+DMI,AZOX + DIFE,4,28.775,3503.556875,18.35,NA,2.9096295745005794,0.00777098640245165,10.466663875598103
55,2019,NA,Mississippi,NA,NA,7/10/2019,R4,check,AACHECK,4,12.5,4856.795,12.5,4856.795,2.5257286443082556,0.006015037593984946,3.7593984962405913
55,2019,NA,Mississippi,NA,NA,7/10/2019,R4,DMI,TTRA,4,12.5,4856.795,10,5292.743125,2.302585092994046,0.009398496240601479,3.7593984962405913
55,2019,NA,Mississippi,NA,NA,7/10/2019,R4,DMI+QoI+SDHI,PYRA + FLUX + PROP,4,12.5,4856.795,12.5,4810.72875,2.5257286443082556,0.006015037593984946,3.7593984962405913
55,2019,NA,Mississippi,NA,NA,7/10/2019,R4,DMI+SDHI,DIFE + PYDI,4,12.5,4856.795,10,4531.9775,2.302585092994046,0.009398496240601479,3.7593984962405913
55,2019,NA,Mississippi,NA,NA,7/10/2019,R4,MBC,TMET,4,12.5,4856.795,10,4764.32625,2.302585092994046,0.009398496240601479,3.7593984962405913
55,2019,NA,Mississippi,NA,NA,7/10/2019,R4,MBC+DMI,TMET + TEBU,4,12.5,4856.795,10,4875.120625,2.302585092994046,0.009398496240601479,3.7593984962405913
55,2019,NA,Mississippi,NA,NA,7/10/2019,R4,QoI,PYRA,4,12.5,4856.795,10,4970.4475,2.302585092994046,0.009398496240601479,3.7593984962405913
55,2019,NA,Mississippi,NA,NA,7/10/2019,R4,QoI+DMI,AZOX + DIFE,4,12.5,4856.795,10,4973.978125,2.302585092994046,0.009398496240601479,3.7593984962405913
57,2017,Milan,Tennessee,Asgrow 4633,5/31/2017,8/9/2017,R3,check,AACHECK,4,4.5,3823.1625,4.5,3823.1625,1.5040773967762742,0.021074947000872927,1.707070707070707
57,2017,Milan,Tennessee,Asgrow 4633,5/31/2017,8/9/2017,R3,DMI,TTRA,4,4.5,3823.1625,2,3888.73125,0.6931471805599453,0.10669191919191919,1.707070707070707
57,2017,Milan,Tennessee,Asgrow 4633,5/31/2017,8/9/2017,R3,DMI+QoI+SDHI,PYRA + FLUX + PROP,4,4.5,3823.1625,1.25,4077.03125,0.22314355131420976,0.2731313131313131,1.707070707070707
57,2017,Milan,Tennessee,Asgrow 4633,5/31/2017,8/9/2017,R3,MBC,TMET,4,4.5,3823.1625,3,4176.225,1.0986122886681098,0.047418630751964085,1.707070707070707
57,2017,Milan,Tennessee,Asgrow 4633,5/31/2017,8/9/2017,R3,MBC+DMI,TMET + TEBU,4,4.5,3823.1625,1.75,4071.9875,0.5596157879354227,0.1393527107812822,1.707070707070707
57,2017,Milan,Tennessee,Asgrow 4633,5/31/2017,8/9/2017,R3,QoI,PYRA,4,4.5,3823.1625,3.75,4083.75625,1.3217558399823195,0.03034792368125701,1.707070707070707
57,2017,Milan,Tennessee,Asgrow 4633,5/31/2017,8/9/2017,R3,QoI+DMI,AZOX + DIFE,4,4.5,3823.1625,1.25,4251.88125,0.22314355131420976,0.2731313131313131,1.707070707070707
57,2017,Milan,Tennessee,Asgrow 4633,5/31/2017,8/9/2017,R3,QoI+DMI+DMI,TFLX + PROT,4,4.5,3823.1625,1.25,4043.40625,0.22314355131420976,0.2731313131313131,1.707070707070707
58,2018,Milan,Tennessee,AG39X7,6/4/2018,8/9/2018,R3,check,AACHECK,4,5.5,3370.90625,5.5,3370.90625,1.7047480922384253,0.01333992094861663,1.6141304347826122
58,2018,Milan,Tennessee,AG39X7,6/4/2018,8/9/2018,R3,DMI,TTRA,4,5.5,3370.90625,2.25,3555.84375,0.8109302162163288,0.0797101449275364,1.6141304347826122
58,2018,Milan,Tennessee,AG39X7,6/4/2018,8/9/2018,R3,DMI+QoI+SDHI,PYRA + FLUX + PROP,4,5.5,3370.90625,2.625,3495.31875,0.965080896043587,0.05856255545696552,1.6141304347826122
58,2018,Milan,Tennessee,AG39X7,6/4/2018,8/9/2018,R3,DMI+SDHI,DIFE + PYDI,4,5.5,3370.90625,1.5625,3599.55625,0.33869941179590307,0.30338657202011304,1.6141304347826122
58,2018,Milan,Tennessee,AG39X7,6/4/2018,8/9/2018,R3,MBC,TMET,4,5.5,3370.90625,3.5,3414.61875,1.252762968495368,0.03294143744454311,1.6141304347826122
58,2018,Milan,Tennessee,AG39X7,6/4/2018,8/9/2018,R3,MBC+DMI,TMET + TEBU,4,5.5,3370.90625,3.5,3557.5249999999996,1.252762968495368,0.03294143744454311,1.6141304347826122
58,2018,Milan,Tennessee,AG39X7,6/4/2018,8/9/2018,R3,QoI,PYRA,4,5.5,3370.90625,5.75,3433.1125,1.749199854809259,0.012205145064518808,1.6141304347826122
58,2018,Milan,Tennessee,AG39X7,6/4/2018,8/9/2018,R3,QoI+DMI,AZOX + DIFE,4,5.5,3370.90625,1.5,3160.75,0.4054651081081644,0.1793478260869569,1.6141304347826122
59,2020,Milan,Tennessee,Pioneer 43A42,6/3/2020,8/7/2020,R3,check,AACHECK,4,12.5,2568.95,12.5,2568.95,2.5257286443082556,0.005011851851851858,3.132407407407411
59,2020,Milan,Tennessee,Pioneer 43A42,6/3/2020,8/7/2020,R3,DMI,TTRA,4,12.5,2568.95,4.75,2572.3125,1.55814461804655,0.03470811531753364,3.132407407407411
59,2020,Milan,Tennessee,Pioneer 43A42,6/3/2020,8/7/2020,R3,DMI+QoI+SDHI,PYRA + FLUX + PROP,4,12.5,2568.95,1.75,2933.78125,0.5596157879354227,0.25570672713529885,3.132407407407411
59,2020,Milan,Tennessee,Pioneer 43A42,6/3/2020,8/7/2020,R3,DMI+SDHI,DIFE + PYDI,4,12.5,2568.95,2,2901.8375,0.6931471805599453,0.1957754629629632,3.132407407407411
59,2020,Milan,Tennessee,Pioneer 43A42,6/3/2020,8/7/2020,R3,MBC,TMET,4,12.5,2568.95,3,3049.7875,1.0986122886681098,0.08701131687242808,3.132407407407411
59,2020,Milan,Tennessee,Pioneer 43A42,6/3/2020,8/7/2020,R3,QoI,PYRA,4,12.5,2568.95,6.5,2649.65,1.8718021769015913,0.018534955073416633,3.132407407407411
60,2011,Dixon Springs,Illinois,Asgrow 4703,06/09/2011,7/27/2011,VT,check,AACHECK,4,25.75,NA,25.75,NA,3.248434627109745,0.0029050962692210693,7.7050415800415815
60,2011,Dixon Springs,Illinois,Asgrow 4703,06/09/2011,7/27/2011,VT,DMI,TTRA,4,25.75,NA,11,1973.7875,2.3978952727983707,0.015919507396780126,7.7050415800415815
60,2011,Dixon Springs,Illinois,Asgrow 4703,06/09/2011,7/27/2011,VT,MBC,TMET,4,25.75,NA,3.75,2333.5750000000003,1.3217558399823195,0.136978516978517,7.7050415800415815
60,2011,Dixon Springs,Illinois,Asgrow 4703,06/09/2011,7/27/2011,VT,QoI,PYRA,4,25.75,NA,22.5,1682.93125,3.1135153092103742,0.0038049588049588056,7.7050415800415815
60,2011,Dixon Springs,Illinois,Asgrow 4703,06/09/2011,7/27/2011,VT,QoI+DMI,AZOX + DIFE,4,25.75,NA,7.625,2207.48125,2.014903020542265,0.03654662932162933,7.7050415800415815
61,2012,Dixon Springs,Illinois,Asgrow 4703,05/24/2012,7/24/2012,R3,check,AACHECK,4,55.85,3286.84375,55.85,3286.84375,4.02266952551521,0.0037909989950204227,47.29987745098037
61,2012,Dixon Springs,Illinois,Asgrow 4703,05/24/2012,7/24/2012,R3,DMI,TTRA,4,55.85,3286.84375,38.325,4092.1625,3.6461024247578777,0.00805073807008677,47.29987745098037
61,2012,Dixon Springs,Illinois,Asgrow 4703,05/24/2012,7/24/2012,R3,MBC,TMET,4,55.85,3286.84375,19.15,4320.8125,2.952302715626655,0.032245006408783465,47.29987745098037
61,2012,Dixon Springs,Illinois,Asgrow 4703,05/24/2012,7/24/2012,R3,MBC+DMI,TMET + TEBU,4,55.85,3286.84375,17.9,4734.4000000000005,2.884800712846709,0.036905743774367505,47.29987745098037
61,2012,Dixon Springs,Illinois,Asgrow 4703,05/24/2012,7/24/2012,R3,QoI,PYRA,4,55.85,3286.84375,60.425,3266.66875,4.101402926589547,0.0032386700569613956,47.29987745098037
61,2012,Dixon Springs,Illinois,Asgrow 4703,05/24/2012,7/24/2012,R3,QoI+DMI,AZOX + DIFE,4,55.85,3286.84375,20.4,4522.5625,3.0155349008501706,0.028414478476415546,47.29987745098037
62,2013,Dixon Springs,Illinois,Asgrow 4703,5/6/2013,8/14/2013,R3,check,AACHECK,4,40.425,3713.88125,40.425,3713.88125,3.6994484054631704,0.011877015145855152,77.63675213675214
62,2013,Dixon Springs,Illinois,Asgrow 4703,5/6/2013,8/14/2013,R3,MBC,TMET,4,40.425,3713.88125,7.5,4193.0375,2.0149030205422647,0.3450522317188984,77.63675213675214
62,2013,Dixon Springs,Illinois,Asgrow 4703,5/6/2013,8/14/2013,R3,QoI,PYRA,4,40.425,3713.88125,37.925,3301.975,3.635610525234596,0.013494481073303205,77.63675213675214
63,2014,Dixon Springs,Illinois,Armor 4744,5/27/2014,7/28/2014,R3,check,AACHECK,4,37.925,2214.2062499999997,37.925,2214.2062499999997,3.635610525234596,0.0030128227083064192,17.333439393939425
63,2014,Dixon Springs,Illinois,Armor 4744,5/27/2014,7/28/2014,R3,MBC,TMET,4,37.925,2214.2062499999997,25.4,2975.8125,3.2347491740244907,0.0067167211985939244,17.333439393939425
63,2014,Dixon Springs,Illinois,Armor 4744,5/27/2014,7/28/2014,R3,QoI,PYRA,4,37.925,2214.2062499999997,36.224999999999994,3234.725,3.589749488206746,0.0033022349282438765,17.333439393939425
63,2014,Dixon Springs,Illinois,Armor 4744,5/27/2014,7/28/2014,R3,QoI+DMI,AZOX + DIFE,4,37.925,2214.2062499999997,29.175,2959,3.3733121781726196,0.005090999161881599,17.333439393939425
64,2021,Ames,Iowa,AG30XF0,05/11/2021,07/27/2021,R3,check,AACHECK,4,10.8,4348.553125,10.8,4348.553125,2.379546134130174,0.014171028207808047,6.611634920634923
64,2021,Ames,Iowa,AG30XF0,05/11/2021,07/27/2021,R3,DMI,TTRA,4,10.8,4348.553125,6.625,4967.253124999999,1.890850371872286,0.03765972186904905,6.611634920634923
64,2021,Ames,Iowa,AG30XF0,05/11/2021,07/27/2021,R3,DMI+SDHI,DIFE + PYDI,4,10.8,4348.553125,5.45,4984.57,1.6956156086751528,0.05564880835480956,6.611634920634923
64,2021,Ames,Iowa,AG30XF0,05/11/2021,07/27/2021,R3,MBC,TMET,4,10.8,4348.553125,6.2,4730.533125,1.824549292051046,0.042999706819946165,6.611634920634923
64,2021,Ames,Iowa,AG30XF0,05/11/2021,07/27/2021,R3,QoI,PYRA,4,10.8,4348.553125,12.25,4960.864375,2.505525936990736,0.011014802033544229,6.611634920634923
64,2021,Ames,Iowa,AG30XF0,05/11/2021,07/27/2021,R3,QoI+DMI,AZOX + DIFE,4,10.8,4348.553125,3.125,4542.233125,1.1394342831883648,0.16925785396825405,6.611634920634923
65,2021,Princeton,Kentucky,Channel 4320RXF,5/25/2021,7/28/2021,R3,check,AACHECK,4,4.325,4741.125,4.325,4741.125,1.4644121403838426,0.007099567461173253,0.5312073863636357
65,2021,Princeton,Kentucky,Channel 4320RXF,5/25/2021,7/28/2021,R3,DMI+QoI+SDHI,PYRA + FLUX + PROP,4,4.325,4741.125,0.425,4823.50625,-0.8556661100577202,0.735235136835482,0.5312073863636357
65,2021,Princeton,Kentucky,Channel 4320RXF,5/25/2021,7/28/2021,R3,DMI+SDHI,DIFE + PYDI,4,4.325,4741.125,0.25,5287.53125,-1.3862943611198906,2.124829545454543,0.5312073863636357
65,2021,Princeton,Kentucky,Channel 4320RXF,5/25/2021,7/28/2021,R3,MBC+DMI,TMET + TEBU,4,4.325,4741.125,0.5,4936.15,-0.6931471805599453,0.5312073863636357,0.5312073863636357
65,2021,Princeton,Kentucky,Channel 4320RXF,5/25/2021,7/28/2021,R3,QoI,PYRA,4,4.325,4741.125,1.6,4710.8625,0.47000362924573563,0.05187572132457379,0.5312073863636357
66,2021,Quicksand,Kentucky,NA,NA,8/12/2021,R3,check,AACHECK,4,9.575,3295.25,9.575,3295.25,2.2591555350667094,0.01107951123971409,4.06310606060605
66,2021,Quicksand,Kentucky,NA,NA,8/12/2021,R3,DMI+QoI+SDHI,PYRA + FLUX + PROP,4,9.575,3295.25,4.925,3211.1875,1.5943242746240522,0.04187797738262826,4.06310606060605
66,2021,Quicksand,Kentucky,NA,NA,8/12/2021,R3,DMI+SDHI,DIFE + PYDI,4,9.575,3295.25,2.175,2908.5625,0.7770286645406473,0.214723533391785,4.06310606060605
66,2021,Quicksand,Kentucky,NA,NA,8/12/2021,R3,MBC+DMI,TMET + TEBU,4,9.575,3295.25,5.475,3194.375,1.7001922757025645,0.03388675015621902,4.06310606060605
66,2021,Quicksand,Kentucky,NA,NA,8/12/2021,R3,QoI,PYRA,4,9.575,3295.25,10,2959,2.302585092994046,0.010157765151515126,4.06310606060605
